[
  {
    "query": "",
    "form_created_at": "1731200790",
    "node_id": "1094",
    "location": "",
    "deleted": "",
    "fields[summary][ru]": "⌛ АВТОВЫДАЧА ⌛🟥🌶️【ГАЙД】🌶️ [МРАЧНЫЙ СПУСК] 🟥🌶️🟥",
    "fields[summary][en]": "⌛ AUTO RELEASE ⌛🟥🌶️【GUIDE】🌶️ [GLOOMY DESCENT] 🟥🌶️🟥",
    "auto_delivery": "",
    "price": "1",
    "amount": "99999",
    "active": "on",
    "fields[desc][ru]": "",
    "fields[desc][en]": "",
    "fields[payment_msg][ru]": "https://disk.yandex.ru/i/K7rdwasfZrK8DQ",
    "fields[payment_msg][en]": "https://disk.yandex.ru/i/K7rdwasfZrK8DQ",
    "secrets": ""
  },
  {
    "query": "",
    "form_created_at": "1731200792",
    "node_id": "1094",
    "location": "",
    "deleted": "",
    "fields[summary][ru]": "⌛ АВТОВЫДАЧА ⌛🟥🌶️【ГАЙД】🌶️ [ИСКАЖЕННЫЙ ПУТЬ] 🟥🌶️🟥",
    "fields[summary][en]": "⌛ AUTO OUTPUT ⌛🟥🌶️【GUIDE】🌶️ [DISTORTED PATH] 🟥🌶️🟥",
    "auto_delivery": "",
    "price": "1",
    "amount": "99999",
    "active": "on",
    "fields[desc][ru]": "",
    "fields[desc][en]": "",
    "fields[payment_msg][ru]": "https://disk.yandex.ru/i/c0Mhh7YWyF4EUA",
    "fields[payment_msg][en]": "https://disk.yandex.ru/i/c0Mhh7YWyF4EUA",
    "secrets": ""
  },
  {
    "query": "",
    "form_created_at": "1731200793",
    "node_id": "1094",
    "location": "",
    "deleted": "",
    "fields[summary][ru]": "⌛ АВТОВЫДАЧА ⌛🟥🌶️【ГАЙД】🌶️ [ЗМЕИНОЕ БОЛОТО] 🟥🌶️🟥",
    "fields[summary][en]": "⌛ AUTO RELEASE ⌛🟥🌶️【GUIDE】🌶️ [SNAKE SWAMP] 🟥🌶️🟥",
    "auto_delivery": "",
    "price": "1",
    "amount": "99999",
    "active": "on",
    "fields[desc][ru]": "",
    "fields[desc][en]": "",
    "fields[payment_msg][ru]": "https://disk.yandex.ru/i/V3pUXT0phgtbow",
    "fields[payment_msg][en]": "https://disk.yandex.ru/i/V3pUXT0phgtbow",
    "secrets": ""
  },
  {
    "query": "",
    "form_created_at": "1731200794",
    "node_id": "1094",
    "location": "",
    "deleted": "",
    "fields[summary][ru]": "⌛ АВТОВЫДАЧА ⌛🟥🌶️【ГАЙД】🌶️ [ДАЛЬНИЙ РУБЕЖ] 🟥🌶️🟥",
    "fields[summary][en]": "⌛ AUTO RELEASE ⌛🟥🌶️【GUIDE】🌶️ [FAR FRONTIER] 🟥🌶️🟥",
    "auto_delivery": "",
    "price": "1",
    "amount": "99999",
    "active": "on",
    "fields[desc][ru]": "",
    "fields[desc][en]": "",
    "fields[payment_msg][ru]": "https://disk.yandex.ru/i/y6m2Vs_FSHmVUw",
    "fields[payment_msg][en]": "https://disk.yandex.ru/i/y6m2Vs_FSHmVUw",
    "secrets": ""
  },
  {
    "query": "",
    "form_created_at": "1731200795",
    "node_id": "1094",
    "location": "",
    "deleted": "",
    "fields[summary][ru]": "⌛ АВТОВЫДАЧА ⌛🟥🌶️【ГАЙД】🌶️ [ДИКИЕ ПУСТОШИ] 🟥🌶️🟥",
    "fields[summary][en]": "⌛ AUTO RELEASE ⌛🟥🌶️【GUIDE】🌶️ [WILD WASTELANDS] 🟥🌶️🟥",
    "auto_delivery": "",
    "price": "1",
    "amount": "99999",
    "active": "on",
    "fields[desc][ru]": "",
    "fields[desc][en]": "",
    "fields[payment_msg][ru]": "https://disk.yandex.ru/i/y4gtpF3o1dEXbw",
    "fields[payment_msg][en]": "https://disk.yandex.ru/i/y4gtpF3o1dEXbw",
    "secrets": ""
  },
  {
    "query": "",
    "form_created_at": "1731200796",
    "node_id": "1094",
    "location": "",
    "deleted": "",
    "fields[summary][ru]": "⌛ АВТОВЫДАЧА ⌛🟥🌶️【ГАЙД】🌶️ [ГЛУБИННЫЕ КОТЛОВИНЫ] 🟥🌶️🟥",
    "fields[summary][en]": "⌛ AUTO OUTPUT ⌛🟥🌶️【GUIDE】🌶️ [DEEP BASINS] 🟥🌶️🟥",
    "auto_delivery": "",
    "price": "1",
    "amount": "99999",
    "active": "on",
    "fields[desc][ru]": "",
    "fields[desc][en]": "",
    "fields[payment_msg][ru]": "https://disk.yandex.ru/i/6Vcwo8q7A4RI1Q",
    "fields[payment_msg][en]": "https://disk.yandex.ru/i/6Vcwo8q7A4RI1Q",
    "secrets": ""
  },
  {
    "query": "",
    "form_created_at": "1731200797",
    "node_id": "1094",
    "location": "",
    "deleted": "",
    "fields[summary][ru]": "⌛ АВТОВЫДАЧА ⌛🟥🌶️【ГАЙД】🌶️ ЛУЧШИЙ ГАЙД НА БОЖЕСТВЕННЫЙ МИР 🟥🌶️🟥",
    "fields[summary][en]": "𝐀𝐅𝐊 𝐀𝐫𝐞𝐧𝐚 🟥⚡🟥 THE BEST GUIDE TO THE DIVINE WORLD 🟥⚡🟥 ⌛CAR DELIVERY⌛",
    "auto_delivery": "",
    "price": "1",
    "amount": "99999",
    "active": "on",
    "fields[desc][ru]": "",
    "fields[desc][en]": "",
    "fields[payment_msg][ru]": "\"https://disk.yandex.ru/i/8L_SsFvYyutZ7w",
    "fields[payment_msg][en]": "\"https://disk.yandex.ru/i/8L_SsFvYyutZ7w",
    "secrets": ""
  },
  {
    "query": "",
    "form_created_at": "1731200798",
    "node_id": "1094",
    "location": "",
    "deleted": "",
    "fields[summary][ru]": "⌛ АВТОВЫДАЧА ⌛ 🟥🌶️【ГАЙД】🌶️🟥  Различные Гайды ИЗ ПРОФИЛЯ ПО AFK ARENA 🟥⚡🟥",
    "fields[summary][en]": "⌛ AUTO ISSUE ⌛ 🟥⚡🟥 ALL GUIDES FROM THE AFK ARENA PROFILE 🟥⚡🟥",
    "auto_delivery": "",
    "price": "1",
    "amount": "99999",
    "active": "on",
    "fields[desc][ru]": "",
    "fields[desc][en]": "",
    "fields[payment_msg][ru]": "https://docs.google.com/document/d/1RGGjjqRWuQd4luRiIW7SvDV-D3y8Uh0Fe566rrAH5nY/edit",
    "fields[payment_msg][en]": "https://docs.google.com/document/d/1RGGjjqRWuQd4luRiIW7SvDV-D3y8Uh0Fe566rrAH5nY/edit",
    "secrets": ""
  },
  {
    "query": "",
    "form_created_at": "1731200799",
    "node_id": "1094",
    "location": "",
    "deleted": "",
    "fields[summary][ru]": "⌛ АВТОВЫДАЧА ⌛🟥🌶️【ГАЙД】🌶️🟥 ТИР-ЛИСТ + ПРОКАЧКА ГЕРОЕВ ПО AFK ARENA🔴🔴",
    "fields[summary][en]": "🔴🔴🔴SHOOTING LIST + LEVELING UP HEROES IN AFK ARENA🔴🔴🔴",
    "auto_delivery": "",
    "price": "1",
    "amount": "99999",
    "active": "on",
    "fields[desc][ru]": "",
    "fields[desc][en]": "",
    "fields[payment_msg][ru]": "https://docs.google.com/spreadsheets/d/14JyRBKyw6tKKtb_fYpxVJWOpaN6g28TilJXLTpQQY50/edit#gid=0",
    "fields[payment_msg][en]": "https://docs.google.com/spreadsheets/d/14JyRBKyw6tKKtb_fYpxVJWOpaN6g28TilJXLTpQQY50/edit#gid=0",
    "secrets": ""
  },
  {
    "query": "",
    "form_created_at": "1731200800",
    "node_id": "1094",
    "location": "",
    "deleted": "",
    "fields[summary][ru]": "⌛ АВТОВЫДАЧА ⌛🟥🌶️【ГАЙД】🌶️🟥 AFK ARENA: ТОП-15 ЛУЧШИХ ГЕРОЕВ (персонажей)🔴👑🔴",
    "fields[summary][en]": "⌛ AUTO ISSUE ⌛🔴👑🔴 AFK ARENA: TOP 15 BEST HEROES (characters)🔴👑🔴",
    "auto_delivery": "",
    "price": "1",
    "amount": "99999",
    "active": "on",
    "fields[desc][ru]": "",
    "fields[desc][en]": "",
    "fields[payment_msg][ru]": "https://telegra.ph/AFK-Arena-TOP-15-luchshih-geroev-personazhej-05-12",
    "fields[payment_msg][en]": "https://telegra.ph/AFK-Arena-TOP-15-luchshih-geroev-personazhej-05-12",
    "secrets": ""
  },
  {
    "query": "",
    "form_created_at": "1731200800",
    "node_id": "1094",
    "location": "",
    "deleted": "",
    "fields[summary][ru]": "⌛ АВТОВЫДАЧА ⌛🟥🌶️【ГАЙД】🌶️🟥 Гайд по прокачке героев 🔴👑🔴 АВТОВЫДАЧА 🔴👑🔴",
    "fields[summary][en]": "⌛ AUTO ISSUE ⌛ 🔴👑🔴 Hero leveling guide 🔴👑🔴 AUTO RELEASE ✅",
    "auto_delivery": "",
    "price": "1",
    "amount": "99999",
    "active": "on",
    "fields[desc][ru]": "",
    "fields[desc][en]": "",
    "fields[payment_msg][ru]": "https://telegra.ph/AFK-Arena-Gajd-po-prokachke-geroev-05-12",
    "fields[payment_msg][en]": "https://telegra.ph/AFK-Arena-Gajd-po-prokachke-geroev-05-12",
    "secrets": ""
  },
  {
    "query": "",
    "form_created_at": "1731200801",
    "node_id": "1094",
    "location": "",
    "deleted": "",
    "fields[summary][ru]": "⌛ АВТОВЫДАЧА ⌛🟥🌶️【ГАЙД】🌶️🟥ПРОХОЖДЕНИЯ ПОКОЙСЯ С МИРОМ🟥",
    "fields[summary][en]": "🟥[AUTO RELEASE]🟥AFK ARENA🟥PASSING REST IN PEACE🟥",
    "auto_delivery": "",
    "price": "1",
    "amount": "99999",
    "active": "on",
    "fields[desc][ru]": "",
    "fields[desc][en]": "",
    "fields[payment_msg][ru]": "https://telegra.ph/AFK-Arena-Pokojsya-s-mirom-kak-projti-05-12",
    "fields[payment_msg][en]": "https://telegra.ph/AFK-Arena-Pokojsya-s-mirom-kak-projti-05-12",
    "secrets": ""
  },
  {
    "query": "",
    "form_created_at": "1731200802",
    "node_id": "1094",
    "location": "",
    "deleted": "",
    "fields[summary][ru]": "⌛ АВТОВЫДАЧА ⌛🟥🌶️【ГАЙД】🌶️🟥 Подробный гайд по Древнему дереву часть 1🌶️🟥",
    "fields[summary][en]": "⌛ AUTO OUTPUT ⌛🟥🌶️【GUIDE】🌶️🟥 Detailed guide to the Ancient tree part 1🌶️🟥",
    "auto_delivery": "",
    "price": "1",
    "amount": "99999",
    "active": "on",
    "fields[desc][ru]": "",
    "fields[desc][en]": "",
    "fields[payment_msg][ru]": "https://telegra.ph/Podrobnyj-gajd-po-Drevnemu-derevu-chast-1-05-12",
    "fields[payment_msg][en]": "https://telegra.ph/Podrobnyj-gajd-po-Drevnemu-derevu-chast-1-05-12",
    "secrets": ""
  },
  {
    "query": "",
    "form_created_at": "1731200803",
    "node_id": "1094",
    "location": "",
    "deleted": "",
    "fields[summary][ru]": "⌛ АВТОВЫДАЧА ⌛🟥🌶️【ГАЙД】🌶️🟥 Древнему дереву часть 2.🌶️🟥",
    "fields[summary][en]": "⌛ AUTO OUTPUT ⌛🟥🌶️【GUIDE】🌶️🟥 The ancient tree part 2.🌶️🟥",
    "auto_delivery": "",
    "price": "1",
    "amount": "99999",
    "active": "on",
    "fields[desc][ru]": "",
    "fields[desc][en]": "",
    "fields[payment_msg][ru]": "https://telegra.ph/Drevnemu-derevu-chast-2-05-12",
    "fields[payment_msg][en]": "https://telegra.ph/Drevnemu-derevu-chast-2-05-12",
    "secrets": ""
  },
  {
    "query": "",
    "form_created_at": "1731200804",
    "node_id": "1094",
    "location": "",
    "deleted": "",
    "fields[summary][ru]": "⌛ АВТОВЫДАЧА ⌛🟥🌶️【ГАЙД】🌶️🟥 Навыки коллекций🌶️🟥",
    "fields[summary][en]": "⌛ AUTO-RELEASE ⌛🟥🌶️【GUIDE】🌶️🟥 Collection skills🌶️🟥",
    "auto_delivery": "",
    "price": "1",
    "amount": "99999",
    "active": "on",
    "fields[desc][ru]": "",
    "fields[desc][en]": "",
    "fields[payment_msg][ru]": "https://telegra.ph/AVTOVYDACHA-GAJD-Navyki-kollekcij-05-12",
    "fields[payment_msg][en]": "https://telegra.ph/AVTOVYDACHA-GAJD-Navyki-kollekcij-05-12",
    "secrets": ""
  },
  {
    "query": "",
    "form_created_at": "1731200805",
    "node_id": "1094",
    "location": "",
    "deleted": "",
    "fields[summary][ru]": "⌛ АВТОВЫДАЧА ⌛🟥🌶️【ГАЙД】🌶️🟥 35 советов для лучшего старта!🌶️🟥",
    "fields[summary][en]": "⌛ AUTO RELEASE ⌛🟥🌶️【GUIDE】🌶️🟥 35 tips for a better start!🌶️🟥",
    "auto_delivery": "",
    "price": "1",
    "amount": "99999",
    "active": "on",
    "fields[desc][ru]": "",
    "fields[desc][en]": "",
    "fields[payment_msg][ru]": "https://telegra.ph/35-luchshih-sovetov-po-AFK-Arena-kotorye-vy-dolzhny-znat-chtoby-horosho-igrat-05-12",
    "fields[payment_msg][en]": "https://telegra.ph/35-luchshih-sovetov-po-AFK-Arena-kotorye-vy-dolzhny-znat-chtoby-horosho-igrat-05-12",
    "secrets": ""
  },
  {
    "query": "",
    "form_created_at": "1731200806",
    "node_id": "1094",
    "location": "",
    "deleted": "",
    "fields[summary][ru]": "⌛ АВТОВЫДАЧА ⌛🟥🌶️【ГАЙД】🌶️🟥 Секреты и хитрости в АФК Арена 2024🌶️🟥",
    "fields[summary][en]": "⌛ AUTO RELEASE ⌛🟥🌶️【GUIDE】🌶️🟥 Secrets and Tricks in AFC Arena 2024🌶️🟥",
    "auto_delivery": "",
    "price": "1",
    "amount": "99999",
    "active": "on",
    "fields[desc][ru]": "",
    "fields[desc][en]": "",
    "fields[payment_msg][ru]": "https://telegra.ph/Sekrety-i-hitrosti-v-AFK-Arena-2024-aktualnyj-gajd-dlya-novichkov-05-12",
    "fields[payment_msg][en]": "https://telegra.ph/Sekrety-i-hitrosti-v-AFK-Arena-2024-aktualnyj-gajd-dlya-novichkov-05-12",
    "secrets": ""
  },
  {
    "query": "",
    "form_created_at": "1731200807",
    "node_id": "1094",
    "location": "",
    "deleted": "",
    "fields[summary][ru]": "⌛ АВТОВЫДАЧА ⌛🟥🌶️【ГАЙД】🌶️🟥 AFK ARENA. ЛУЧШИЕ КОМАНДЫ🌶️🟥",
    "fields[summary][en]": "⌛ AUTO RELEASE ⌛🟥🌶️【GUIDE】🌶️🟥 AFG ARENA. THE BEST TEAMS🌶️🟥",
    "auto_delivery": "",
    "price": "1",
    "amount": "99999",
    "active": "on",
    "fields[desc][ru]": "",
    "fields[desc][en]": "",
    "fields[payment_msg][ru]": "https://telegra.ph/AFK-ARENA-LUCHSHIE-KOMANDY-05-12",
    "fields[payment_msg][en]": "https://telegra.ph/AFK-ARENA-LUCHSHIE-KOMANDY-05-12",
    "secrets": ""
  },
  {
    "query": "",
    "form_created_at": "1731200808",
    "node_id": "1094",
    "location": "",
    "deleted": "",
    "fields[summary][ru]": "⌛ АВТОВЫДАЧА ⌛🟥🌶️【ГАЙД】🌶️🟥 НЕУКРОТИМОЕ ПЛАМЯ🌶️🟥",
    "fields[summary][en]": "⌛ AUTO RELEASE ⌛🟥🌶️【GUIDE】🌶️🟥 INDOMITABLE FLAME🌶️🟥",
    "auto_delivery": "",
    "price": "1",
    "amount": "99999",
    "active": "on",
    "fields[desc][ru]": "",
    "fields[desc][en]": "",
    "fields[payment_msg][ru]": "https://disk.yandex.ru/i/vgF3QWeb4Ry7FQ",
    "fields[payment_msg][en]": "https://disk.yandex.ru/i/vgF3QWeb4Ry7FQ",
    "secrets": ""
  },
  {
    "query": "",
    "form_created_at": "1731200809",
    "node_id": "1094",
    "location": "",
    "deleted": "",
    "fields[summary][ru]": "💎АВТОВЫДАЧА💎 🔥 ТИР-ЛИСТ + ПРОКАЧКА ГЕРОЕВ ⚡ AFK Arena 🔥 ✅БОНУС ЗА ОТЗЫВ✅",
    "fields[summary][en]": "💎AUTOMATIC ISSUE💎 🔥 TYRAL LIST + UPGRADING HEROES ⚡ AFK Arena 🔥 ✅BONUS FOR REVIEW✅",
    "auto_delivery": "",
    "price": "1",
    "amount": "99999",
    "active": "on",
    "fields[desc][ru]": "",
    "fields[desc][en]": "",
    "fields[payment_msg][ru]": "спасибо за покупку, твой товар отправится сообщением ниже, после того как чекнешь не забудь подтвердить покупку, и если ты оставишь положительный отзыв то получишь 🎁 бонус 🎁 (выдаю вручную)\n\nСсылка - https://docs.google.com/spreadsheets/d/14JyRBKyw6tKKtb_fYpxVJWOpaN6g28TilJXLTpQQY50/edit#gid=0",
    "fields[payment_msg][en]": "thank you for your purchase, your product will be sent by message below, after you check don’t forget to confirm the purchase, and if you leave positive feedback you will receive a 🎁 bonus 🎁\n\nlink - https://docs.google.com/spreadsheets/d/14JyRBKyw6tKKtb_fYpxVJWOpaN6g28TilJXLTpQQY50/edit#gid=0",
    "secrets": ""
  },
  {
    "query": "",
    "form_created_at": "1731200810",
    "node_id": "2290",
    "location": "",
    "deleted": "",
    "fields[summary][ru]": "🔥МАКСИМАЛЬНАЯ ОПТИМИЗАЦИЯ ПК🔥💎АВТОВЫДАЧА💎 ✅БЕЗОПАСНО✅ +БОНУС ЗА ОТЗЫВ",
    "fields[summary][en]": "🔥MAXIMUM PC OPTIMIZATION🔥💎AUTO-ISSUE💎 ✅SAFE✅ +BONUS FOR REVIEW",
    "auto_delivery": "",
    "price": "1",
    "amount": "99999",
    "active": "on",
    "fields[desc][ru]": "",
    "fields[desc][en]": "",
    "fields[payment_msg][ru]": "https://docs.google.com/document/d/1FSk-Im4dH4GTk5M7tys3SSnH2yfAlCQ0s1nw1gU67iE/edit?tab=t.0",
    "fields[payment_msg][en]": "https://docs.google.com/document/d/1FSk-Im4dH4GTk5M7tys3SSnH2yfAlCQ0s1nw1gU67iE/edit?tab=t.0",
    "secrets": ""
  },
  {
    "query": "",
    "form_created_at": "1731200811",
    "node_id": "2290",
    "location": "",
    "deleted": "",
    "fields[summary][ru]": "⌛ АВТОВЫДАЧА ⌛🟥🌶️【ГАЙД】🌶️🟥 ВСЕ ПРОМОКОДЫ ДЛЯ ИГРЫ  + ГДЕ ИХ БРАТЬ🌶️🟥",
    "fields[summary][en]": "⌛ AUTO OUTPUT ⌛🟥🌶️【GUIDE】🌶️🟥 ALL PROMO CODES FOR THE GAME + WHERE TO GET THEM",
    "auto_delivery": "",
    "price": "1",
    "amount": "99999",
    "active": "on",
    "fields[desc][ru]": "",
    "fields[desc][en]": "",
    "fields[payment_msg][ru]": "https://telegra.ph/Ssylka-na-sajt-gde-est-mnogo-promokodov-na-kazhdyj-mesyac-11-09",
    "fields[payment_msg][en]": "https://telegra.ph/Ssylka-na-sajt-gde-est-mnogo-promokodov-na-kazhdyj-mesyac-11-09",
    "secrets": ""
  },
  {
    "query": "",
    "form_created_at": "1731200812",
    "node_id": "2290",
    "location": "",
    "deleted": "",
    "fields[summary][ru]": "⌛ АВТОВЫДАЧА ⌛🟥🌶️【ГАЙД】🌶️🟥 Полное Руководство для Начинающих по AFK Journey🌶️🟥",
    "fields[summary][en]": "⌛ AUTO OUTPUT ⌛🟥🌶️【GUIDE】🌶️🟥 The Complete Beginner's Guide to AFK Journey🌶️🟥",
    "auto_delivery": "",
    "price": "1",
    "amount": "99999",
    "active": "on",
    "fields[desc][ru]": "",
    "fields[desc][en]": "",
    "fields[payment_msg][ru]": "https://telegra.ph/Polnoe-Rukovodstvo-dlya-Nachinayushchih-po-AFK-Journey-05-12",
    "fields[payment_msg][en]": "https://telegra.ph/Polnoe-Rukovodstvo-dlya-Nachinayushchih-po-AFK-Journey-05-12",
    "secrets": ""
  },
  {
    "query": "",
    "form_created_at": "1731200813",
    "node_id": "2290",
    "location": "",
    "deleted": "",
    "fields[summary][ru]": "⌛ АВТОВЫДАЧА ⌛🟥🌶️【ГАЙД】🌶️🟥Тир-лист всех персонажей в AFK Journey🌶️🟥",
    "fields[summary][en]": "⌛ AUTO OUTPUT ⌛🟥🌶️【GUIDE】🌶️🟥A shooting list of all the characters in AFK Journey🌶️🟥",
    "auto_delivery": "",
    "price": "1",
    "amount": "99999",
    "active": "on",
    "fields[desc][ru]": "",
    "fields[desc][en]": "",
    "fields[payment_msg][ru]": "https://telegra.ph/Tir-list-vseh-personazhej-v-AFK-Journey-05-12",
    "fields[payment_msg][en]": "https://telegra.ph/Tir-list-vseh-personazhej-v-AFK-Journey-05-12",
    "secrets": ""
  },
  {
    "query": "",
    "form_created_at": "1731200814",
    "node_id": "2290",
    "location": "",
    "deleted": "",
    "fields[summary][ru]": "⌛ АВТОВЫДАЧА ⌛🟥🌶️【ГАЙД】🌶️🟥Промо-коды AFK Journey (полный список)🌶️🟥",
    "fields[summary][en]": "⌛ AUTO OUTPUT ⌛🟥🌶️【GUIDE】🌶️🟥AFK Journey Promo Codes (full list)🌶️🟥",
    "auto_delivery": "",
    "price": "1",
    "amount": "99999",
    "active": "on",
    "fields[desc][ru]": "",
    "fields[desc][en]": "",
    "fields[payment_msg][ru]": "https://telegra.ph/Promo-kody-AFK-Journey-polnyj-spisok-05-12",
    "fields[payment_msg][en]": "https://telegra.ph/Promo-kody-AFK-Journey-polnyj-spisok-05-12",
    "secrets": ""
  },
  {
    "query": "",
    "form_created_at": "1731200815",
    "node_id": "2290",
    "location": "",
    "deleted": "",
    "fields[summary][ru]": "⌛ АВТОВЫДАЧА ⌛🟥🌶️【ГАЙД】🌶️🟥300.000K+ АВАТАРОК🌶️🟥",
    "fields[summary][en]": "⌛ AUTO-RELEASE ⌛🟥🌶️【GUIDE】🌶️🟥300.000K+ AVATARS🌶️🟥",
    "auto_delivery": "",
    "price": "1",
    "amount": "99999",
    "active": "on",
    "fields[desc][ru]": "",
    "fields[desc][en]": "",
    "fields[payment_msg][ru]": "https://drive.google.com/drive/folders/1wwuOTl6r-Y-nX215wf5994zEsC9orDdz https://drive.google.com/drive/folders/127k0ZmacDm0x9_E1iqJ8QnFMt0rkZsmd\\nhttps://disk.yandex.ru/d/BSPIAQTsI1jZFg\\nhttps://disk.yandex.ru/d/IUtnHSMCz5p1hg",
    "fields[payment_msg][en]": "https://drive.google.com/drive/folders/1wwuOTl6r-Y-nX215wf5994zEsC9orDdz https://drive.google.com/drive/folders/127k0ZmacDm0x9_E1iqJ8QnFMt0rkZsmd\\nhttps://disk.yandex.ru/d/BSPIAQTsI1jZFg\\nhttps://disk.yandex.ru/d/IUtnHSMCz5p1hg",
    "secrets": ""
  },
  {
    "query": "",
    "form_created_at": "1731200816",
    "node_id": "2290",
    "location": "",
    "deleted": "",
    "fields[summary][ru]": "⌛ АВТОВЫДАЧА ⌛🟥🌶️【ГАЙД】🌶️🟥Руководство и команды по Некродракону🌶️🟥",
    "fields[summary][en]": "⌛ AUTO-RELEASE ⌛🟥🌶️【GUIDE】🌶️🟥Necrodragon Guidelines and Commands🌶️🟥",
    "auto_delivery": "",
    "price": "1",
    "amount": "99999",
    "active": "on",
    "fields[desc][ru]": "",
    "fields[desc][en]": "",
    "fields[payment_msg][ru]": "https://telegra.ph/Rukovodstvo-i-komandy-po-Nekrodrakonu-05-12",
    "fields[payment_msg][en]": "https://telegra.ph/Rukovodstvo-i-komandy-po-Nekrodrakonu-05-12",
    "secrets": ""
  },
  {
    "query": "",
    "form_created_at": "1731200817",
    "node_id": "2290",
    "location": "",
    "deleted": "",
    "fields[summary][ru]": "⌛ АВТОВЫДАЧА ⌛🟥🌶️【ГАЙД】🌶️🟥Как скачать и играть в AFK Journey на ПК🌶️🟥",
    "fields[summary][en]": "⌛ AUTO OUTPUT ⌛🟥🌶️【GUIDE】🌶️🟥How to download and play AFK Journey on PC🌶️🟥",
    "auto_delivery": "",
    "price": "1",
    "amount": "99999",
    "active": "on",
    "fields[desc][ru]": "",
    "fields[desc][en]": "",
    "fields[payment_msg][ru]": "https://telegra.ph/Skachajte-AFK-Journey-na-PK-AFK-Arena-2-05-12",
    "fields[payment_msg][en]": "https://telegra.ph/Skachajte-AFK-Journey-na-PK-AFK-Arena-2-05-12",
    "secrets": ""
  },
  {
    "query": "",
    "form_created_at": "1731200818",
    "node_id": "2290",
    "location": "",
    "deleted": "",
    "fields[summary][ru]": "⌛ АВТОВЫДАЧА ⌛🟥🌶️【ГАЙД】🌶️🟥Тир-лист героев AFK Journey: лучшие персонажи🌶️🟥",
    "fields[summary][en]": "⌛ AUTO OUTPUT ⌛🟥🌶️【GUIDE】🌶️🟥AFK Journey Heroes' Shooting list: the best characters🌶️🟥",
    "auto_delivery": "",
    "price": "1",
    "amount": "99999",
    "active": "on",
    "fields[desc][ru]": "",
    "fields[desc][en]": "",
    "fields[payment_msg][ru]": "https://telegra.ph/Tir-list-geroev-AFK-Journey-luchshie-personazhi-05-12",
    "fields[payment_msg][en]": "https://telegra.ph/Tir-list-geroev-AFK-Journey-luchshie-personazhi-05-12",
    "secrets": ""
  },
  {
    "query": "",
    "form_created_at": "1731200820",
    "node_id": "2290",
    "location": "",
    "deleted": "",
    "fields[summary][ru]": "⌛ АВТОВЫДАЧА ⌛🟥🌶️【ГАЙД】🌶️🟥Сервера в AFK Journey: как поменять и выбрать сервер🌶️🟥",
    "fields[summary][en]": "⌛ AUTO OUTPUT ⌛🟥🌶️【GUIDE】🌶️🟥Servers in AFK Journey: how to change and choose a server🌶️🟥",
    "auto_delivery": "",
    "price": "1",
    "amount": "99999",
    "active": "on",
    "fields[desc][ru]": "",
    "fields[desc][en]": "",
    "fields[payment_msg][ru]": "https://telegra.ph/Servera-v-AFK-Journey-kak-pomenyat-i-vybrat-server-05-12",
    "fields[payment_msg][en]": "https://telegra.ph/Servera-v-AFK-Journey-kak-pomenyat-i-vybrat-server-05-12",
    "secrets": ""
  },
  {
    "query": "",
    "form_created_at": "1731200820",
    "node_id": "2290",
    "location": "",
    "deleted": "",
    "fields[summary][ru]": "⌛ АВТОВЫДАЧА ⌛🟥🌶️【ГАЙД】🌶️🟥Системные требования AFK Journey🌶️🟥",
    "fields[summary][en]": "⌛ AUTO OUTPUT ⌛🟥🌶️【GUIDE】🌶️🟥AFK Journey System Requirements🌶️🟥",
    "auto_delivery": "",
    "price": "1",
    "amount": "99999",
    "active": "on",
    "fields[desc][ru]": "",
    "fields[desc][en]": "",
    "fields[payment_msg][ru]": "https://telegra.ph/Minimalnye-sistemnye-trebovaniya-AFK-Journey-dlya-PK-05-12",
    "fields[payment_msg][en]": "https://telegra.ph/Minimalnye-sistemnye-trebovaniya-AFK-Journey-dlya-PK-05-12",
    "secrets": ""
  },
  {
    "query": "",
    "form_created_at": "1731200821",
    "node_id": "2290",
    "location": "",
    "deleted": "",
    "fields[summary][ru]": "⌛ АВТОВЫДАЧА ⌛🟥🌶️【ГАЙД】🌶️🟥Гайд по жёлудям из AFK Journey: для чего нужны и как фармить🌶️🟥",
    "fields[summary][en]": "⌛ AUTO OUTPUT ⌛🟥🌶️【GUIDE】🌶️🟥Guide to acorns from AFK Journey: what are they for and how to farm🌶️🟥",
    "auto_delivery": "",
    "price": "1",
    "amount": "99999",
    "active": "on",
    "fields[desc][ru]": "",
    "fields[desc][en]": "",
    "fields[payment_msg][ru]": "https://telegra.ph/Gajd-po-zhyoludyam-iz-AFK-Journey-dlya-chego-nuzhny-i-kak-farmit-05-12",
    "fields[payment_msg][en]": "https://telegra.ph/Gajd-po-zhyoludyam-iz-AFK-Journey-dlya-chego-nuzhny-i-kak-farmit-05-12",
    "secrets": ""
  },
  {
    "query": "",
    "form_created_at": "1731200823",
    "node_id": "2290",
    "location": "",
    "deleted": "",
    "fields[summary][ru]": "⌛ АВТОВЫДАЧА ⌛🟥🌶️【ГАЙД】🌶️🟥Гайд по уровню резонанса в AFK Journey🌶️🟥",
    "fields[summary][en]": "⌛ AUTO OUTPUT ⌛🟥🌶️【GUIDE】🌶️🟥Guide to the level of resonance in AFK Journey🌶️🟥",
    "auto_delivery": "",
    "price": "1",
    "amount": "99999",
    "active": "on",
    "fields[desc][ru]": "",
    "fields[desc][en]": "",
    "fields[payment_msg][ru]": "https://telegra.ph/Gajd-po-urovnyu-rezonansa-v-AFK-Journey-chto-dayot-dlya-chego-nuzhen-i-kak-ego-povyshat-05-12",
    "fields[payment_msg][en]": "https://telegra.ph/Gajd-po-urovnyu-rezonansa-v-AFK-Journey-chto-dayot-dlya-chego-nuzhen-i-kak-ego-povyshat-05-12",
    "secrets": ""
  },
  {
    "query": "",
    "form_created_at": "1731200823",
    "node_id": "2290",
    "location": "",
    "deleted": "",
    "fields[summary][ru]": "⌛ АВТОВЫДАЧА ⌛🟥🌶️【ГАЙД】🌶️🟥Гайд по AFK Journey: классы героев, AFK-фарм, гача и советы🌶️🟥",
    "fields[summary][en]": "⌛ AUTO OUTPUT ⌛🟥🌶️【GUIDE】🌶️🟥AFK Journey Guide: Hero Classes, AFK Farm, kacha and tips🌶️🟥",
    "auto_delivery": "",
    "price": "1",
    "amount": "99999",
    "active": "on",
    "fields[desc][ru]": "",
    "fields[desc][en]": "",
    "fields[payment_msg][ru]": "https://telegra.ph/Gajd-po-AFK-Journey-klassy-geroev-AFK-farm-gacha-i-sovety-05-12",
    "fields[payment_msg][en]": "https://telegra.ph/Gajd-po-AFK-Journey-klassy-geroev-AFK-farm-gacha-i-sovety-05-12",
    "secrets": ""
  },
  {
    "query": "",
    "form_created_at": "1731200824",
    "node_id": "2290",
    "location": "",
    "deleted": "",
    "fields[summary][ru]": "⌛ АВТОВЫДАЧА ⌛🟥🌶️【ГАЙД】🌶️🟥Топ-8 дополнительного контента и советов для F2P-геймеров в AFK Journey🌶️🟥",
    "fields[summary][en]": "⌛ AUTO OUTPUT ⌛🟥🌶️【GUIDE】🌶️🟥Top 8 additional content and tips for F2P gamers in AFK Journey🌶️🟥",
    "auto_delivery": "",
    "price": "1",
    "amount": "99999",
    "active": "on",
    "fields[desc][ru]": "",
    "fields[desc][en]": "",
    "fields[payment_msg][ru]": "https://telegra.ph/Top-8-dopolnitelnogo-kontenta-i-sovetov-dlya-F2P-gejmerov-v-AFK-Journey-05-12",
    "fields[payment_msg][en]": "https://telegra.ph/Top-8-dopolnitelnogo-kontenta-i-sovetov-dlya-F2P-gejmerov-v-AFK-Journey-05-12",
    "secrets": ""
  },
  {
    "query": "",
    "form_created_at": "1731200826",
    "node_id": "2290",
    "location": "",
    "deleted": "",
    "fields[summary][ru]": "⌛ АВТОВЫДАЧА ⌛🟥🌶️【ГАЙД】🌶️🟥Полный гайд по Царству снов каких героев брать 🌶️🟥",
    "fields[summary][en]": "⌛ AUTO OUTPUT ⌛🟥🌶️【GUIDE】🌶️🟥A complete guide to the Kingdom of dreams which heroes to take 🌶️🟥",
    "auto_delivery": "",
    "price": "1",
    "amount": "99999",
    "active": "on",
    "fields[desc][ru]": "",
    "fields[desc][en]": "",
    "fields[payment_msg][ru]": "https://telegra.ph/Polnyj-gajd-po-Carstvu-snov-v-AFK-Journey-kakih-geroev-brat-i-opisanie-kazhdogo-bossa-05-12",
    "fields[payment_msg][en]": "https://telegra.ph/Polnyj-gajd-po-Carstvu-snov-v-AFK-Journey-kakih-geroev-brat-i-opisanie-kazhdogo-bossa-05-12",
    "secrets": ""
  },
  {
    "query": "",
    "form_created_at": "1731200826",
    "node_id": "2290",
    "location": "",
    "deleted": "",
    "fields[summary][ru]": "⌛ АВТОВЫДАЧА ⌛🟥🌶️【ГАЙД】🌶️🟥Все способы добычи эссенции героя в AFK Journey🌶️🟥",
    "fields[summary][en]": "⌛ AUTO OUTPUT ⌛🟥🌶️【GUIDE】🌶️🟥All the ways to extract the essence of the hero in AFK Journey🌶️🟥",
    "auto_delivery": "",
    "price": "1",
    "amount": "99999",
    "active": "on",
    "fields[desc][ru]": "",
    "fields[desc][en]": "",
    "fields[payment_msg][ru]": "https://telegra.ph/Vse-sposoby-dobychi-ehssencii-geroya-v-AFK-Journey-05-12",
    "fields[payment_msg][en]": "https://telegra.ph/Vse-sposoby-dobychi-ehssencii-geroya-v-AFK-Journey-05-12",
    "secrets": ""
  },
  {
    "query": "",
    "form_created_at": "1731200827",
    "node_id": "2290",
    "location": "",
    "deleted": "",
    "fields[summary][ru]": "⌛ АВТОВЫДАЧА ⌛🟥🌶️【ГАЙД】🌶️🟥⌛ АВТОВЫДАЧА Все герои в игре AFK Journey — собери их всех🟥🌶️🟥",
    "fields[summary][en]": "⌛ AUTO RELEASE ⌛🟥🌶️【GUIDE】🌶️🟥All the heroes in the AFK Journey game - collect them all🟥🌶️🟥",
    "auto_delivery": "",
    "price": "1",
    "amount": "99999",
    "active": "on",
    "fields[desc][ru]": "",
    "fields[desc][en]": "",
    "fields[payment_msg][ru]": "https://telegra.ph/AVTOVYDACHA-GAJDVse-geroi-v-igre-AFK-Journey--soberi-ih-vseh-05-12",
    "fields[payment_msg][en]": "https://telegra.ph/AVTOVYDACHA-GAJDVse-geroi-v-igre-AFK-Journey--soberi-ih-vseh-05-12",
    "secrets": ""
  },
  {
    "query": "",
    "form_created_at": "1731200828",
    "node_id": "2290",
    "location": "",
    "deleted": "",
    "fields[summary][ru]": "⌛ АВТОВЫДАЧА ⌛🟥🌶️【ГАЙД】🌶️🟥Пепельные пустоши — новый пустынный регион в AFK Journey🟥🌶️🟥",
    "fields[summary][en]": "⌛ AUTO OUTPUT ⌛🟥🌶️【GUIDE】🌶️🟥Ash Wastelands — a new desert region in AFK Journey🟥🌶️🟥",
    "auto_delivery": "",
    "price": "1",
    "amount": "99999",
    "active": "on",
    "fields[desc][ru]": "",
    "fields[desc][en]": "",
    "fields[payment_msg][ru]": "https://telegra.ph/Pepelnye-pustoshi--novyj-pustynnyj-region-v-AFK-Journey-05-12",
    "fields[payment_msg][en]": "https://telegra.ph/Pepelnye-pustoshi--novyj-pustynnyj-region-v-AFK-Journey-05-12",
    "secrets": ""
  },
  {
    "query": "",
    "form_created_at": "1731200829",
    "node_id": "2290",
    "location": "",
    "deleted": "",
    "fields[summary][ru]": "⌛ АВТОВЫДАЧА ⌛🟥🌶️【ГАЙД】🌶️🟥Лучшие связки героев AFK Journey🟥🌶️🟥",
    "fields[summary][en]": "⌛ AUTO OUTPUT ⌛🟥🌶️【GUIDE】🌶️🟥The best bundles of AFK Journey heroes🟥🌶️🟥",
    "auto_delivery": "",
    "price": "1",
    "amount": "99999",
    "active": "on",
    "fields[desc][ru]": "",
    "fields[desc][en]": "",
    "fields[payment_msg][ru]": "https://telegra.ph/Luchshie-svyazki-geroev-AFK-Journey-05-12",
    "fields[payment_msg][en]": "https://telegra.ph/Luchshie-svyazki-geroev-AFK-Journey-05-12",
    "secrets": ""
  },
  {
    "query": "",
    "form_created_at": "1731200830",
    "node_id": "271",
    "location": "",
    "deleted": "",
    "fields[summary][ru]": "❤️💙APB RELOAD - СИЛОВИКИ❤️💙АВТО-ВЫДАЧА❤️💙",
    "fields[summary][en]": "❤️💙APB RELOAD - SECURITY FORCES❤️💙AUTO-ISSUANCE❤️💙",
    "auto_delivery": "",
    "price": "1",
    "amount": "99999",
    "active": "on",
    "fields[desc][ru]": "",
    "fields[desc][en]": "",
    "fields[payment_msg][ru]": "https://disk.yandex.ru/i/MERt9b6EbvgIaQ",
    "fields[payment_msg][en]": "https://disk.yandex.ru/i/MERt9b6EbvgIaQ",
    "secrets": "",
    "fields[type]": "Прочее"
  },
  {
    "query": "",
    "form_created_at": "1731200831",
    "node_id": "271",
    "location": "",
    "deleted": "",
    "fields[summary][ru]": "❤️💙APB RELOAD - Криминалы❤️💙АВТО-ВЫДАЧА❤️💙",
    "fields[summary][en]": "❤️💙APB RELOAD - Crimes❤️💙AUTO-ISSUANCE❤️💙",
    "auto_delivery": "",
    "price": "1",
    "amount": "99999",
    "active": "on",
    "fields[desc][ru]": "",
    "fields[desc][en]": "",
    "fields[payment_msg][ru]": "https://disk.yandex.ru/i/rmNGwBg6cQuJpA",
    "fields[payment_msg][en]": "https://disk.yandex.ru/i/rmNGwBg6cQuJpA",
    "secrets": "",
    "fields[type]": "Прочее"
  },
  {
    "query": "",
    "form_created_at": "1731200832",
    "node_id": "271",
    "location": "",
    "deleted": "",
    "fields[summary][ru]": "❤️💙Великолепный гайд о том, как стать лучше в APB❤️💙АВТО-ВЫДАЧА❤️💙",
    "fields[summary][en]": "❤️💙A great guide on how to get better at APB❤AUTO-ISSUANCE❤️💙",
    "auto_delivery": "",
    "price": "1",
    "amount": "99999",
    "active": "on",
    "fields[desc][ru]": "",
    "fields[desc][en]": "",
    "fields[payment_msg][ru]": "https://telegra.ph/Velikolepnyj-gajd-o-tom-kak-stat-luchshe-v-APB-12-06",
    "fields[payment_msg][en]": "https://telegra.ph/Velikolepnyj-gajd-o-tom-kak-stat-luchshe-v-APB-12-06",
    "secrets": "",
    "fields[type]": "Прочее"
  },
  {
    "query": "",
    "form_created_at": "1731200833",
    "node_id": "271",
    "location": "",
    "deleted": "",
    "fields[summary][ru]": "❤️💙7 СОВЕТОВ ПО ОПТИМИЗАЦИИ APB RELOADED: ИЗБАВЬТЕСЬ ОТ ЛАГОВ И ТОРМОЗОВ!❤️💙АВТО-ВЫДАЧА❤️💙",
    "fields[summary][en]": "7 TIPS FOR OPTIMIZING APB RELOADED: GET RID OF LAGS AND BRAKES!❤️💙AUTO-ISSUANCE❤️💙",
    "auto_delivery": "",
    "price": "1",
    "amount": "99999",
    "active": "on",
    "fields[desc][ru]": "",
    "fields[desc][en]": "",
    "fields[payment_msg][ru]": "https://telegra.ph/7-SOVETOV-PO-OPTIMIZACII-APB-RELOADED-IZBAVTES-OT-LAGOV-I-TORMOZOV-12-06",
    "fields[payment_msg][en]": "https://telegra.ph/7-SOVETOV-PO-OPTIMIZACII-APB-RELOADED-IZBAVTES-OT-LAGOV-I-TORMOZOV-12-06",
    "secrets": "",
    "fields[type]": "Прочее"
  },
  {
    "query": "",
    "form_created_at": "1731200834",
    "node_id": "271",
    "location": "",
    "deleted": "",
    "fields[summary][ru]": "❤️💙20 советов по игре APB Reloaded❤️💙АВТО-ВЫДАЧА❤️💙",
    "fields[summary][en]": "❤️💙20 tips for the game APB Reloaded❤️💙AUTO-ISSUANCE❤️💙",
    "auto_delivery": "",
    "price": "1",
    "amount": "99999",
    "active": "on",
    "fields[desc][ru]": "",
    "fields[desc][en]": "",
    "fields[payment_msg][ru]": "https://telegra.ph/20-sovetov-po-igre-APB-Reloaded-12-06",
    "fields[payment_msg][en]": "https://telegra.ph/20-sovetov-po-igre-APB-Reloaded-12-06",
    "secrets": "",
    "fields[type]": "Прочее"
  },
  {
    "query": "",
    "form_created_at": "1731200835",
    "node_id": "271",
    "location": "",
    "deleted": "",
    "fields[summary][ru]": "❤️💙Как хорошо играть в  секреты APB Reloaded❤️💙АВТО-ВЫДАЧА❤️💙",
    "fields[summary][en]": "❤️💙How good to play in APB Secrets Reloaded❤️💙AUTO-ISSUE❤️💙",
    "auto_delivery": "",
    "price": "1",
    "amount": "99999",
    "active": "on",
    "fields[desc][ru]": "",
    "fields[desc][en]": "",
    "fields[payment_msg][ru]": "https://telegra.ph/Kak-horosho-igrat-v-apb-sekrety-05-20",
    "fields[payment_msg][en]": "https://telegra.ph/Kak-horosho-igrat-v-apb-sekrety-05-20",
    "secrets": "",
    "fields[type]": "Прочее"
  },
  {
    "query": "",
    "form_created_at": "1731200837",
    "node_id": "271",
    "location": "",
    "deleted": "",
    "fields[summary][ru]": "❤️💙Руководство для начинающих по APB❤️💙АВТО-ВЫДАЧА❤️💙",
    "fields[summary][en]": "❤️💙Beginners Guide by APB❤️💙AUTO-ISSUE❤️💙",
    "auto_delivery": "",
    "price": "1",
    "amount": "99999",
    "active": "on",
    "fields[desc][ru]": "",
    "fields[desc][en]": "",
    "fields[payment_msg][ru]": "https://telegra.ph/Rukovodstvo-dlya-nachinayushchih-po-APB-05-20",
    "fields[payment_msg][en]": "https://telegra.ph/Rukovodstvo-dlya-nachinayushchih-po-APB-05-20",
    "secrets": "",
    "fields[type]": "Прочее"
  },
  {
    "query": "",
    "form_created_at": "1731200838",
    "node_id": "271",
    "location": "",
    "deleted": "",
    "fields[summary][ru]": "❤️💙Как разбогатеть в АРВ Reloaded❤️💙АВТО-ВЫДАЧА❤️💙",
    "fields[summary][en]": "❤️💙How to get rich in APB Reloaded❤️💙AUTO-ISSUE❤️💙",
    "auto_delivery": "",
    "price": "1",
    "amount": "99999",
    "active": "on",
    "fields[desc][ru]": "",
    "fields[desc][en]": "",
    "fields[payment_msg][ru]": "https://telegra.ph/Kak-razbogatet-v-ARV-Reloaded-05-20",
    "fields[payment_msg][en]": "https://telegra.ph/Kak-razbogatet-v-ARV-Reloaded-05-20",
    "secrets": "",
    "fields[type]": "Прочее"
  },
  {
    "query": "",
    "form_created_at": "1731200839",
    "node_id": "271",
    "location": "",
    "deleted": "",
    "fields[summary][ru]": "❤️💙Руководство по APB для \\\"2024\\\"❤️💙АВТО-ВЫДАЧА❤️💙",
    "fields[summary][en]": "❤️💙APB Guide for \\\"2024\\\"❤️💙AUTO-ISSUE❤️💙",
    "auto_delivery": "",
    "price": "1",
    "amount": "99999",
    "active": "on",
    "fields[desc][ru]": "",
    "fields[desc][en]": "",
    "fields[payment_msg][ru]": "https://telegra.ph/Rukovodstvo-po-APB-dlya-2024-05-20",
    "fields[payment_msg][en]": "https://telegra.ph/Rukovodstvo-po-APB-dlya-2024-05-20",
    "secrets": "",
    "fields[type]": "Прочее"
  },
  {
    "query": "",
    "form_created_at": "1731200840",
    "node_id": "271",
    "location": "",
    "deleted": "",
    "fields[summary][ru]": "❤️💙Система вознаграждений (Престиж / Известность) APB❤️💙АВТО-ВЫДАЧА❤️💙",
    "fields[summary][en]": "❤️💙Reward System (Prestige / Fame) APB❤️💙AUTO-ISSUE❤️💙",
    "auto_delivery": "",
    "price": "1",
    "amount": "99999",
    "active": "on",
    "fields[desc][ru]": "",
    "fields[desc][en]": "",
    "fields[payment_msg][ru]": "https://telegra.ph/Sistema-voznagrazhdenij-Prestizh--Izvestnost-05-20",
    "fields[payment_msg][en]": "https://telegra.ph/Sistema-voznagrazhdenij-Prestizh--Izvestnost-05-20",
    "secrets": "",
    "fields[type]": "Прочее"
  },
  {
    "query": "",
    "form_created_at": "1731200841",
    "node_id": "271",
    "location": "",
    "deleted": "",
    "fields[summary][ru]": "❤️💙Социальный район APB❤️💙АВТО-ВЫДАЧА❤️💙",
    "fields[summary][en]": "❤️💙Social District APB❤️💙AUTO-ISSUE❤️💙",
    "auto_delivery": "",
    "price": "1",
    "amount": "99999",
    "active": "on",
    "fields[desc][ru]": "",
    "fields[desc][en]": "",
    "fields[payment_msg][ru]": "https://telegra.ph/Socialnyj-rajon-05-20",
    "fields[payment_msg][en]": "https://telegra.ph/Socialnyj-rajon-05-20",
    "secrets": "",
    "fields[type]": "Прочее"
  },
  {
    "query": "",
    "form_created_at": "1731200842",
    "node_id": "271",
    "location": "",
    "deleted": "",
    "fields[summary][ru]": "❤️💙Рейдерский захват и угон автомобиля APB❤️💙АВТО-ВЫДАЧА❤️💙",
    "fields[summary][en]": "❤️💙Raider hijacking and car hijacking APB❤️💙AUTO-ISSUE❤️💙",
    "auto_delivery": "",
    "price": "1",
    "amount": "99999",
    "active": "on",
    "fields[desc][ru]": "",
    "fields[desc][en]": "",
    "fields[payment_msg][ru]": "https://telegra.ph/Rejderskij-zahvat-i-ugon-avtomobilya-05-20",
    "fields[payment_msg][en]": "https://telegra.ph/Rejderskij-zahvat-i-ugon-avtomobilya-05-20",
    "secrets": "",
    "fields[type]": "Прочее"
  },
  {
    "query": "",
    "form_created_at": "1731200843",
    "node_id": "271",
    "location": "",
    "deleted": "",
    "fields[summary][ru]": "❤️💙Разблокировка и покупка оружия APB❤️💙АВТО-ВЫДАЧА❤️💙",
    "fields[summary][en]": "❤️💙Unlock and buy weapons APB❤️💙AUTO-ISSUE❤️💙",
    "auto_delivery": "",
    "price": "1",
    "amount": "99999",
    "active": "on",
    "fields[desc][ru]": "",
    "fields[desc][en]": "",
    "fields[payment_msg][ru]": "https://telegra.ph/Razblokirovka-i-pokupka-oruzhiya-05-20",
    "fields[payment_msg][en]": "https://telegra.ph/Razblokirovka-i-pokupka-oruzhiya-05-20",
    "secrets": "",
    "fields[type]": "Прочее"
  },
  {
    "query": "",
    "form_created_at": "1731200844",
    "node_id": "271",
    "location": "",
    "deleted": "",
    "fields[summary][ru]": "❤️💙Разблокировка и покупка транспортных средств APB❤️💙АВТО-ВЫДАЧА❤️💙",
    "fields[summary][en]": "❤️💙Unlock and purchase vehicles APB❤️💙AUTO-ISSUE❤️💙",
    "auto_delivery": "",
    "price": "1",
    "amount": "99999",
    "active": "on",
    "fields[desc][ru]": "",
    "fields[desc][en]": "",
    "fields[payment_msg][ru]": "https://telegra.ph/Razblokirovka-i-pokupka-transportnyh-sredstv-05-20",
    "fields[payment_msg][en]": "https://telegra.ph/Razblokirovka-i-pokupka-transportnyh-sredstv-05-20",
    "secrets": "",
    "fields[type]": "Прочее"
  },
  {
    "query": "",
    "form_created_at": "1731200845",
    "node_id": "271",
    "location": "",
    "deleted": "",
    "fields[summary][ru]": "❤️💙Разблокировка и покупка одежды (кастомизация) APB❤️💙АВТО-ВЫДАЧА❤️💙",
    "fields[summary][en]": "❤️💙Unlocking and buying clothes (customization) APB❤️💙AUTO-ISSUE❤️💙",
    "auto_delivery": "",
    "price": "1",
    "amount": "99999",
    "active": "on",
    "fields[desc][ru]": "",
    "fields[desc][en]": "",
    "fields[payment_msg][ru]": "https://telegra.ph/Razblokirovka-i-pokupka-odezhdy-kastomizaciya-05-20",
    "fields[payment_msg][en]": "https://telegra.ph/Razblokirovka-i-pokupka-odezhdy-kastomizaciya-05-20",
    "secrets": "",
    "fields[type]": "Прочее"
  },
  {
    "query": "",
    "form_created_at": "1731200846",
    "node_id": "271",
    "location": "",
    "deleted": "",
    "fields[summary][ru]": "❤️💙Моды персонажей APB❤️💙АВТО-ВЫДАЧА❤️💙",
    "fields[summary][en]": "❤️💙Fashion characters APB❤️💙AUTO-ISSUE❤️💙",
    "auto_delivery": "",
    "price": "1",
    "amount": "99999",
    "active": "on",
    "fields[desc][ru]": "",
    "fields[desc][en]": "",
    "fields[payment_msg][ru]": "https://telegra.ph/Mody-personazhej-05-20",
    "fields[payment_msg][en]": "https://telegra.ph/Mody-personazhej-05-20",
    "secrets": "",
    "fields[type]": "Прочее"
  },
  {
    "query": "",
    "form_created_at": "1731200847",
    "node_id": "271",
    "location": "",
    "deleted": "",
    "fields[summary][ru]": "❤️💙Моды на оружие APB❤️💙АВТО-ВЫДАЧА❤️💙",
    "fields[summary][en]": "❤️💙Fashion for weapons APB❤️💙AUTO-DELIVERY❤️💙",
    "auto_delivery": "",
    "price": "1",
    "amount": "99999",
    "active": "on",
    "fields[desc][ru]": "",
    "fields[desc][en]": "",
    "fields[payment_msg][ru]": "https://telegra.ph/Mody-na-oruzhie-05-20",
    "fields[payment_msg][en]": "https://telegra.ph/Mody-na-oruzhie-05-20",
    "secrets": "",
    "fields[type]": "Прочее"
  },
  {
    "query": "",
    "form_created_at": "1731200849",
    "node_id": "271",
    "location": "",
    "deleted": "",
    "fields[summary][ru]": "❤️💙Гранаты и метательные предметы APB❤️💙АВТО-ВЫДАЧА❤️💙",
    "fields[summary][en]": "❤️💙Grenades and throwing objects APB❤️💙AUTO-DELIVERY❤️💙",
    "auto_delivery": "",
    "price": "1",
    "amount": "99999",
    "active": "on",
    "fields[desc][ru]": "",
    "fields[desc][en]": "",
    "fields[payment_msg][ru]": "https://telegra.ph/Granaty-i-metatelnye-predmety-05-20",
    "fields[payment_msg][en]": "https://telegra.ph/Granaty-i-metatelnye-predmety-05-20",
    "secrets": "",
    "fields[type]": "Прочее"
  },
  {
    "query": "",
    "form_created_at": "1731200849",
    "node_id": "271",
    "location": "",
    "deleted": "",
    "fields[summary][ru]": "❤️💙Оборудование в APB❤️💙АВТО-ВЫДАЧА❤️💙",
    "fields[summary][en]": "❤️💙Equipment in APB❤️💙AUTO-ISSUE❤️💙",
    "auto_delivery": "",
    "price": "1",
    "amount": "99999",
    "active": "on",
    "fields[desc][ru]": "",
    "fields[desc][en]": "",
    "fields[payment_msg][ru]": "https://telegra.ph/Oborudovanie-05-20",
    "fields[payment_msg][en]": "https://telegra.ph/Oborudovanie-05-20",
    "secrets": "",
    "fields[type]": "Прочее"
  },
  {
    "query": "",
    "form_created_at": "1731200850",
    "node_id": "271",
    "location": "",
    "deleted": "",
    "fields[summary][ru]": "❤️💙Рескины оружия в APB❤️💙АВТО-ВЫДАЧА❤️💙",
    "fields[summary][en]": "❤️💙Reskina weapons in APB❤️💙AUTO-DELIVERY❤️💙",
    "auto_delivery": "",
    "price": "1",
    "amount": "99999",
    "active": "on",
    "fields[desc][ru]": "",
    "fields[desc][en]": "",
    "fields[payment_msg][ru]": "https://telegra.ph/Reskiny-oruzhiya-05-20",
    "fields[payment_msg][en]": "https://telegra.ph/Reskiny-oruzhiya-05-20",
    "secrets": "",
    "fields[type]": "Прочее"
  },
  {
    "query": "",
    "form_created_at": "1731200851",
    "node_id": "2875",
    "location": "",
    "deleted": "",
    "fields[summary][ru]": "🔥МАКСИМАЛЬНАЯ ОПТИМИЗАЦИЯ ПК🔥💎АВТОВЫДАЧА💎 ✅БЕЗОПАСНО✅ +БОНУС ЗА ОТЗЫВ",
    "fields[summary][en]": "🔥MAXIMUM PC OPTIMIZATION🔥💎AUTO-ISSUE💎 ✅SAFE✅ +BONUS FOR REVIEW",
    "auto_delivery": "",
    "price": "1",
    "amount": "99999",
    "active": "on",
    "fields[desc][ru]": "",
    "fields[desc][en]": "",
    "fields[payment_msg][ru]": "https://docs.google.com/document/d/1FSk-Im4dH4GTk5M7tys3SSnH2yfAlCQ0s1nw1gU67iE/edit?tab=t.0",
    "fields[payment_msg][en]": "https://docs.google.com/document/d/1FSk-Im4dH4GTk5M7tys3SSnH2yfAlCQ0s1nw1gU67iE/edit?tab=t.0",
    "secrets": ""
  },
  {
    "query": "",
    "form_created_at": "1731200852",
    "node_id": "2875",
    "location": "",
    "deleted": "",
    "fields[summary][ru]": "⌛ АВТОВЫДАЧА ⌛🟥🌶️【ГАЙД】🌶️🟥  Руководство для идеального правителя в Age of Empires Mobile 🌶️🟥",
    "fields[summary][en]": "⌛ AUTO OUTPUT ⌛🟥🌶️【GUIDE】🌶️🟥  A Guide for the perfect Ruler in Age of Empires Mobile 🌶️🟥",
    "auto_delivery": "",
    "price": "1",
    "amount": "99999",
    "active": "on",
    "fields[desc][ru]": "",
    "fields[desc][en]": "",
    "fields[payment_msg][ru]": "https://telegra.ph/Rukovodstvo-dlya-idealnogo-pravitelya-v-Age-of-Empires-Mobile-11-09",
    "fields[payment_msg][en]": "https://telegra.ph/Rukovodstvo-dlya-idealnogo-pravitelya-v-Age-of-Empires-Mobile-11-09",
    "secrets": ""
  },
  {
    "query": "",
    "form_created_at": "1731200853",
    "node_id": "2875",
    "location": "",
    "deleted": "",
    "fields[summary][ru]": "⌛ АВТОВЫДАЧА ⌛🟥🌶️【ГАЙД】🌶️🟥  Дополнительные советы по освоению Age of Empires Mobile 🌶️🟥",
    "fields[summary][en]": "⌛ AUTO OUTPUT ⌛🟥🌶️【GUIDE】🌶️🟥  Additional tips for mastering Age of Empires Mobile",
    "auto_delivery": "",
    "price": "1",
    "amount": "99999",
    "active": "on",
    "fields[desc][ru]": "",
    "fields[desc][en]": "",
    "fields[payment_msg][ru]": "https://telegra.ph/AVTOVYDACHA-GAJD-Dopolnitelnye-sovety-po-osvoeniyu-Age-of-Empires-Mobile-11-09",
    "fields[payment_msg][en]": "https://telegra.ph/AVTOVYDACHA-GAJD-Dopolnitelnye-sovety-po-osvoeniyu-Age-of-Empires-Mobile-11-09",
    "secrets": ""
  },
  {
    "query": "",
    "form_created_at": "1731200854",
    "node_id": "2875",
    "location": "",
    "deleted": "",
    "fields[summary][ru]": "⌛ АВТОВЫДАЧА ⌛🟥🌶️【ГАЙД】🌶️🟥 Эффективные траты в Age of Empires Mobile 🌶️🟥",
    "fields[summary][en]": "⌛ AUTO-ISSUANCE ⌛🟥🌶️【GUIDE】🌶️🟥 Effective spending in Age of Empires Mobile 🌶️🟥",
    "auto_delivery": "",
    "price": "1",
    "amount": "99999",
    "active": "on",
    "fields[desc][ru]": "",
    "fields[desc][en]": "",
    "fields[payment_msg][ru]": "https://telegra.ph/EHffektivnye-traty-v-Age-of-Empires-Mobile-11-09",
    "fields[payment_msg][en]": "https://telegra.ph/EHffektivnye-traty-v-Age-of-Empires-Mobile-11-09",
    "secrets": ""
  },
  {
    "query": "",
    "form_created_at": "1731200855",
    "node_id": "2875",
    "location": "",
    "deleted": "",
    "fields[summary][ru]": "⌛ АВТОВЫДАЧА ⌛🟥🌶️【ГАЙД】🌶️🟥  Изучение событий и наград в Age of Empires Mobile 🌶️🟥",
    "fields[summary][en]": "⌛ AUTO-RELEASE ⌛🟥🌶️【GUIDE】🌶️🟥 Explore events and rewards in Age of Empires Mobile 🌶️🟥",
    "auto_delivery": "",
    "price": "1",
    "amount": "99999",
    "active": "on",
    "fields[desc][ru]": "",
    "fields[desc][en]": "",
    "fields[payment_msg][ru]": "https://telegra.ph/Izuchenie-sobytij-i-nagrad-v-Age-of-Empires-Mobile-11-09",
    "fields[payment_msg][en]": "https://telegra.ph/Izuchenie-sobytij-i-nagrad-v-Age-of-Empires-Mobile-11-09",
    "secrets": ""
  },
  {
    "query": "",
    "form_created_at": "1731200856",
    "node_id": "2875",
    "location": "",
    "deleted": "",
    "fields[summary][ru]": "⌛ АВТОВЫДАЧА ⌛🟥🌶️【ГАЙД】🌶️🟥 Мероприятия за пределами городских стен 🌶️🟥",
    "fields[summary][en]": "⌛ AUTO OUTPUT ⌛🟥🌶️【GUIDE】🌶️🟥 Events outside the city walls 🌶️🟥",
    "auto_delivery": "",
    "price": "1",
    "amount": "99999",
    "active": "on",
    "fields[desc][ru]": "",
    "fields[desc][en]": "",
    "fields[payment_msg][ru]": "https://telegra.ph/Meropriyatiya-za-predelami-gorodskih-sten-issledovanie-otkrytogo-mira-Age-of-Empires-Mobile-11-09",
    "fields[payment_msg][en]": "https://telegra.ph/Meropriyatiya-za-predelami-gorodskih-sten-issledovanie-otkrytogo-mira-Age-of-Empires-Mobile-11-09",
    "secrets": ""
  },
  {
    "query": "",
    "form_created_at": "1731200857",
    "node_id": "2875",
    "location": "",
    "deleted": "",
    "fields[summary][ru]": "⌛ АВТОВЫДАЧА ⌛🟥🌶️【ГАЙД】🌶️🟥 Герои и сражения в Age of Empires Mobile 🌶️🟥",
    "fields[summary][en]": "⌛ AUTO RELEASE ⌛🟥🌶️【GUIDE】🌶️🟥 Heroes and Battles in Age of Empires Mobile 🌶️🟥",
    "auto_delivery": "",
    "price": "1",
    "amount": "99999",
    "active": "on",
    "fields[desc][ru]": "",
    "fields[desc][en]": "",
    "fields[payment_msg][ru]": "https://telegra.ph/Geroi-i-srazheniya-v-Age-of-Empires-Mobile-11-09",
    "fields[payment_msg][en]": "https://telegra.ph/Geroi-i-srazheniya-v-Age-of-Empires-Mobile-11-09",
    "secrets": ""
  },
  {
    "query": "",
    "form_created_at": "1731200858",
    "node_id": "2875",
    "location": "",
    "deleted": "",
    "fields[summary][ru]": "⌛ АВТОВЫДАЧА ⌛🟥🌶️【ГАЙД】🌶️🟥 Здания и улучшения в Age of Empires Mobile 🌶️🟥",
    "fields[summary][en]": "⌛ AUTO-RELEASE ⌛🟥🌶️【GUIDE】🌶️🟥 Buildings and improvements in Age of Empires Mobile 🌶️🟥",
    "auto_delivery": "",
    "price": "1",
    "amount": "99999",
    "active": "on",
    "fields[desc][ru]": "",
    "fields[desc][en]": "",
    "fields[payment_msg][ru]": "https://telegra.ph/Zdaniya-i-uluchsheniya-v-Age-of-Empires-Mobile-11-09",
    "fields[payment_msg][en]": "https://telegra.ph/Zdaniya-i-uluchsheniya-v-Age-of-Empires-Mobile-11-09",
    "secrets": ""
  },
  {
    "query": "",
    "form_created_at": "1731200858",
    "node_id": "2875",
    "location": "",
    "deleted": "",
    "fields[summary][ru]": "⌛ АВТОВЫДАЧА ⌛🟥🌶️Сила единства: почему альянсы так важны в Age of Empires Mobile 🌶️🟥",
    "fields[summary][en]": "⌛ AUTO-RELEASE ⌛🟥🌶️ The Power of Unity: Why Alliances are so important in Age of Empires Mobile 🌶️🟥",
    "auto_delivery": "",
    "price": "1",
    "amount": "99999",
    "active": "on",
    "fields[desc][ru]": "",
    "fields[desc][en]": "",
    "fields[payment_msg][ru]": "https://telegra.ph/Sila-edinstva-pochemu-alyansy-tak-vazhny-v-Age-of-Empires-Mobile-11-09",
    "fields[payment_msg][en]": "https://telegra.ph/Sila-edinstva-pochemu-alyansy-tak-vazhny-v-Age-of-Empires-Mobile-11-09",
    "secrets": ""
  },
  {
    "query": "",
    "form_created_at": "1731200859",
    "node_id": "2875",
    "location": "",
    "deleted": "",
    "fields[summary][ru]": "⌛ АВТОВЫДАЧА ⌛🟥🌶️【ГАЙД】🌶️🟥  Руководство для начинающих по мобильной игре Age of Empires 🌶️🟥",
    "fields[summary][en]": "⌛ AUTO OUTPUT ⌛🟥🌶️【GUIDE】🌶️🟥  A beginner's Guide to the Age of Empires mobile game 🌶️🟥",
    "auto_delivery": "",
    "price": "1",
    "amount": "99999",
    "active": "on",
    "fields[desc][ru]": "",
    "fields[desc][en]": "",
    "fields[payment_msg][ru]": "https://telegra.ph/Rukovodstvo-dlya-nachinayushchih-po-mobilnoj-igre-Age-of-Empires-11-09",
    "fields[payment_msg][en]": "https://telegra.ph/Rukovodstvo-dlya-nachinayushchih-po-mobilnoj-igre-Age-of-Empires-11-09",
    "secrets": ""
  },
  {
    "query": "",
    "form_created_at": "1731200860",
    "node_id": "2728",
    "location": "",
    "deleted": "",
    "fields[summary][ru]": "⌛ АВТОВЫДАЧА ⌛🟥🌶️【ГАЙД】 Уникальные преимущества Исиды в Age of Mythology: пересказ",
    "fields[summary][en]": "⌛ AUTO OUTPUT ⌛🟥🌶️【GUIDE】 The Unique Advantages of Isis in Age of Mythology: a retelling",
    "auto_delivery": "",
    "price": "1",
    "amount": "99999",
    "active": "on",
    "fields[desc][ru]": "",
    "fields[desc][en]": "",
    "fields[payment_msg][ru]": "https://telegra.ph/Unikalnye-preimushchestva-Isidy-v-Age-of-Mythology-pereskaz-11-09",
    "fields[payment_msg][en]": "https://telegra.ph/Unikalnye-preimushchestva-Isidy-v-Age-of-Mythology-pereskaz-11-09",
    "secrets": ""
  },
  {
    "query": "",
    "form_created_at": "1731200861",
    "node_id": "2728",
    "location": "",
    "deleted": "",
    "fields[summary][ru]": "⌛ АВТОВЫДАЧА ⌛🟥🌶️【ГАЙД】Порядок строительства за все нации в Age of Mythology: Retold 🌶️🟥",
    "fields[summary][en]": "⌛ AUTO OUTPUT ⌛🟥🌶️【GUIDE】The order of construction for all nations in Age of Mythology: Retold",
    "auto_delivery": "",
    "price": "1",
    "amount": "99999",
    "active": "on",
    "fields[desc][ru]": "",
    "fields[desc][en]": "",
    "fields[payment_msg][ru]": "https://telegra.ph/Poryadok-stroitelstva-za-vse-nacii-v-Age-of-Mythology-Retold-11-09",
    "fields[payment_msg][en]": "https://telegra.ph/Poryadok-stroitelstva-za-vse-nacii-v-Age-of-Mythology-Retold-11-09",
    "secrets": ""
  },
  {
    "query": "",
    "form_created_at": "1731200862",
    "node_id": "2728",
    "location": "",
    "deleted": "",
    "fields[summary][ru]": "⌛ АВТОВЫДАЧА ⌛🟥🌶️【ГАЙД】🌶️🟥  Порядок строительства за все нации в Age of Mythology: Retold🌶️🟥",
    "fields[summary][en]": "⌛ AUTO OUTPUT ⌛🟥🌶️【GUIDE】🌶️🟥  The order of construction for all nations in Age of Mythology: Retold",
    "auto_delivery": "",
    "price": "1",
    "amount": "99999",
    "active": "on",
    "fields[desc][ru]": "",
    "fields[desc][en]": "",
    "fields[payment_msg][ru]": "https://telegra.ph/Poryadok-stroitelstva-za-vse-nacii-v-Age-of-Mythology-Retold-11-09",
    "fields[payment_msg][en]": "https://telegra.ph/Poryadok-stroitelstva-za-vse-nacii-v-Age-of-Mythology-Retold-11-09",
    "secrets": ""
  },
  {
    "query": "",
    "form_created_at": "1731200864",
    "node_id": "1410",
    "location": "",
    "deleted": "",
    "fields[summary][ru]": "🔥МАКСИМАЛЬНАЯ ОПТИМИЗАЦИЯ ПК🔥💎АВТОВЫДАЧА💎 ✅БЕЗОПАСНО✅ +БОНУС ЗА ОТЗЫВ",
    "fields[summary][en]": "🔥MAXIMUM PC OPTIMIZATION🔥💎AUTO-ISSUE💎 ✅SAFE✅ +BONUS FOR REVIEW",
    "auto_delivery": "",
    "price": "1",
    "amount": "99999",
    "active": "on",
    "fields[desc][ru]": "",
    "fields[desc][en]": "",
    "fields[payment_msg][ru]": "https://docs.google.com/document/d/1FSk-Im4dH4GTk5M7tys3SSnH2yfAlCQ0s1nw1gU67iE/edit?tab=t.0",
    "fields[payment_msg][en]": "https://docs.google.com/document/d/1FSk-Im4dH4GTk5M7tys3SSnH2yfAlCQ0s1nw1gU67iE/edit?tab=t.0",
    "secrets": ""
  },
  {
    "query": "",
    "form_created_at": "1731200865",
    "node_id": "1410",
    "location": "",
    "deleted": "",
    "fields[summary][ru]": "⌛ АВТОВЫДАЧА ⌛🟥🌶️【ГАЙД】🌶️🟥 𝐀𝐠𝐞 𝐨𝐟 𝐖𝐨𝐧𝐝𝐞𝐫𝐬 𝟒 ✨💎✨ГАЙДЫ ДЛЯ НОВИЧКОВ✨💎",
    "fields[summary][en]": "⌛ AUTO OUTPUT ⌛🟥🌶️【GUIDE】🌶️🟥 𝐀𝐠𝐞 𝐨𝐟 𝐖𝐨𝐧𝐝𝐞𝐫𝐬 𝟒 ✨💎✨ GUIDES FOR BEGINNERS✨💎",
    "auto_delivery": "",
    "price": "1",
    "amount": "99999",
    "active": "on",
    "fields[desc][ru]": "",
    "fields[desc][en]": "",
    "fields[payment_msg][ru]": "https://docs.google.com/document/d/1-J3ny3BhctGCfhHk2DrlbjIV72PBolPE56Rdho6O8Yg/edit",
    "fields[payment_msg][en]": "https://docs.google.com/document/d/1-J3ny3BhctGCfhHk2DrlbjIV72PBolPE56Rdho6O8Yg/edit",
    "secrets": ""
  },
  {
    "query": "",
    "form_created_at": "1731200866",
    "node_id": "1410",
    "location": "",
    "deleted": "",
    "fields[summary][ru]": "⌛ АВТОВЫДАЧА ⌛🟥🌶️【ГАЙД】🌶️🟥ГАЙД О ТОМ КАК УБРАТЬ ЛАГИ И СДЕЛАТЬ Х2 ОТ ПРОИЗВОДИТЕЛЬНОСТИ🚩",
    "fields[summary][en]": "⌛ AUTO OUTPUT ⌛🟥🌶️【GUIDE】🌶️🟥 GUIDE ON HOW TO REMOVE LAGS AND MAKE X2 FROM PERFORMANCE🚩",
    "auto_delivery": "",
    "price": "1",
    "amount": "99999",
    "active": "on",
    "fields[desc][ru]": "",
    "fields[desc][en]": "",
    "fields[payment_msg][ru]": "https://telegra.ph/Age-of-Wonders-4-GAJD-O-TOM-KAK-UBRAT-LAGI-I-SDELAT-H2-OT-PROIZVODITELNOSTI-05-07",
    "fields[payment_msg][en]": "https://telegra.ph/Age-of-Wonders-4-GAJD-O-TOM-KAK-UBRAT-LAGI-I-SDELAT-H2-OT-PROIZVODITELNOSTI-05-07",
    "secrets": ""
  },
  {
    "query": "",
    "form_created_at": "1731200867",
    "node_id": "1410",
    "location": "",
    "deleted": "",
    "fields[summary][ru]": "⌛ АВТОВЫДАЧА ⌛🟥🌶️【ГАЙД】🌶️🟥 Age of Wonders 4. Советы по правильному старту",
    "fields[summary][en]": "⌛ AUTO OUTPUT ⌛🟥🌶️【GUIDE】🌶️🟥 Age of Wonders 4. Tips for the right start",
    "auto_delivery": "",
    "price": "1",
    "amount": "99999",
    "active": "on",
    "fields[desc][ru]": "",
    "fields[desc][en]": "",
    "fields[payment_msg][ru]": "https://telegra.ph/Age-of-Wonders-4-Sovety-po-pravilnomu-startu-12-03",
    "fields[payment_msg][en]": "https://telegra.ph/Age-of-Wonders-4-Sovety-po-pravilnomu-startu-12-03",
    "secrets": ""
  },
  {
    "query": "",
    "form_created_at": "1731200868",
    "node_id": "1410",
    "location": "",
    "deleted": "",
    "fields[summary][ru]": "⌛ АВТОВЫДАЧА ⌛🟥🌶️【ГАЙД】🌶️🟥Age of Wonders 4: полный гайд по механике боя",
    "fields[summary][en]": "⌛ AUTO-RELEASE ⌛🟥🌶️【GUIDE】🌶️🟥Age of Wonders 4: a complete guide to the mechanics of combat",
    "auto_delivery": "",
    "price": "1",
    "amount": "99999",
    "active": "on",
    "fields[desc][ru]": "",
    "fields[desc][en]": "",
    "fields[payment_msg][ru]": "https://telegra.ph/Age-of-Wonders-4-polnyj-gajd-po-mehanike-boya-12-03",
    "fields[payment_msg][en]": "https://telegra.ph/Age-of-Wonders-4-polnyj-gajd-po-mehanike-boya-12-03",
    "secrets": ""
  },
  {
    "query": "",
    "form_created_at": "1731200869",
    "node_id": "1410",
    "location": "",
    "deleted": "",
    "fields[summary][ru]": "⌛ АВТОВЫДАЧА ⌛🟥🌶️【ГАЙД】🌶️🟥 Лучшие советы по созданию могущественной империи",
    "fields[summary][en]": "⌛ AUTO-DELIVERY ⌛🟥🌶️【GUIDE】🌶️🟥 The best tips for building a powerful empire",
    "auto_delivery": "",
    "price": "1",
    "amount": "99999",
    "active": "on",
    "fields[desc][ru]": "",
    "fields[desc][en]": "",
    "fields[payment_msg][ru]": "https://telegra.ph/Luchshie-sovety-po-sozdaniyu-mogushchestvennoj-imperii-v-Age-Of-Wonders-4-12-03",
    "fields[payment_msg][en]": "https://telegra.ph/Luchshie-sovety-po-sozdaniyu-mogushchestvennoj-imperii-v-Age-Of-Wonders-4-12-03",
    "secrets": ""
  },
  {
    "query": "",
    "form_created_at": "1731200870",
    "node_id": "1410",
    "location": "",
    "deleted": "",
    "fields[summary][ru]": "⌛ АВТОВЫДАЧА ⌛🟥🌶️【ГАЙД】🌶️🟥Гайд по войскам в Age of Wonders 4: Dragon Dawn",
    "fields[summary][en]": "⌛ AUTO ISSUE ⌛🟥【GUIDE】🌶️🟥Guide to the army in \\\"Age of Miracles 4: Dawn of the Dragon",
    "auto_delivery": "",
    "price": "1",
    "amount": "99999",
    "active": "on",
    "fields[desc][ru]": "",
    "fields[desc][en]": "",
    "fields[payment_msg][ru]": "https://telegra.ph/Gajd-po-vojskam-v-Age-of-Wonders-4-Dragon-Dawn-12-03",
    "fields[payment_msg][en]": "https://telegra.ph/Gajd-po-vojskam-v-Age-of-Wonders-4-Dragon-Dawn-12-03",
    "secrets": ""
  },
  {
    "query": "",
    "form_created_at": "1731200870",
    "node_id": "1410",
    "location": "",
    "deleted": "",
    "fields[summary][ru]": "⌛ АВТОВЫДАЧА ⌛🟥🌶️【ГАЙД】🌶️🟥Age of Wonders 4 – Гайд и обзор Похитителей",
    "fields[summary][en]": "⌛ AUTO RELEASE ⌛🟥🌶️【GUIDE】🌶️🟥Age of Wonders 4 – Guide and review of Kidnappers",
    "auto_delivery": "",
    "price": "1",
    "amount": "99999",
    "active": "on",
    "fields[desc][ru]": "",
    "fields[desc][en]": "",
    "fields[payment_msg][ru]": "https://telegra.ph/Age-of-Wonders-4--Gajd-i-obzor-Kultury-razbojnikov--Pohititelej-12-03",
    "fields[payment_msg][en]": "https://telegra.ph/Age-of-Wonders-4--Gajd-i-obzor-Kultury-razbojnikov--Pohititelej-12-03",
    "secrets": ""
  },
  {
    "query": "",
    "form_created_at": "1731200871",
    "node_id": "1410",
    "location": "",
    "deleted": "",
    "fields[summary][ru]": "⌛ АВТОВЫДАЧА ⌛🟥🌶️【ГАЙД】🌶️🟥Руководство для начинающих: первые советы и рекомендации",
    "fields[summary][en]": "⌛ AUTO OUTPUT ⌛🟥🌶️【GUIDE】🌶️🟥Beginner's Guide: First Tips and Tricks",
    "auto_delivery": "",
    "price": "1",
    "amount": "99999",
    "active": "on",
    "fields[desc][ru]": "",
    "fields[desc][en]": "",
    "fields[payment_msg][ru]": "https://telegra.ph/Age-Of-Wonders-4-rukovodstvo-dlya-nachinayushchih-pervye-sovety-i-rekomendacii-12-03",
    "fields[payment_msg][en]": "https://telegra.ph/Age-Of-Wonders-4-rukovodstvo-dlya-nachinayushchih-pervye-sovety-i-rekomendacii-12-03",
    "secrets": ""
  },
  {
    "query": "",
    "form_created_at": "1731200872",
    "node_id": "1410",
    "location": "",
    "deleted": "",
    "fields[summary][ru]": "⌛ АВТОВЫДАЧА ⌛🟥🌶️【ГАЙД】🌶️🟥Гайд для новичков: Полное руководство по преобразованиям",
    "fields[summary][en]": "⌛ AUTO OUTPUT ⌛🟥🌶️【GUIDE】🌶️🟥Guide for beginners: A complete guide to transformations",
    "auto_delivery": "",
    "price": "1",
    "amount": "99999",
    "active": "on",
    "fields[desc][ru]": "",
    "fields[desc][en]": "",
    "fields[payment_msg][ru]": "https://telegra.ph/Gajd-dlya-novichkov-Age-of-Wonders-4-Polnoe-rukovodstvo-po-preobrazovaniyam-12-03",
    "fields[payment_msg][en]": "https://telegra.ph/Gajd-dlya-novichkov-Age-of-Wonders-4-Polnoe-rukovodstvo-po-preobrazovaniyam-12-03",
    "secrets": ""
  },
  {
    "query": "",
    "form_created_at": "1731200874",
    "node_id": "1410",
    "location": "",
    "deleted": "",
    "fields[summary][ru]": "⌛ АВТОВЫДАЧА ⌛🟥🌶️【ГАЙД】🌶️🟥Как играть на мидл-стадии",
    "fields[summary][en]": "⌛ AUTO OUTPUT ⌛🟥🌶️【GUIDE】🌶️🟥How to play in the middle stage",
    "auto_delivery": "",
    "price": "1",
    "amount": "99999",
    "active": "on",
    "fields[desc][ru]": "",
    "fields[desc][en]": "",
    "fields[payment_msg][ru]": "https://telegra.ph/Prohozhdenie-i-gajd-Age-of-Wonders-4--kak-igrat-na-midl-stadii-bild-05-13",
    "fields[payment_msg][en]": "https://telegra.ph/Prohozhdenie-i-gajd-Age-of-Wonders-4--kak-igrat-na-midl-stadii-bild-05-13",
    "secrets": ""
  },
  {
    "query": "",
    "form_created_at": "1731200875",
    "node_id": "1410",
    "location": "",
    "deleted": "",
    "fields[summary][ru]": "⌛ АВТОВЫДАЧА ⌛🟥🌶️【ГАЙД】🌶️🟥Список боевых единиц Age of Wonders 4",
    "fields[summary][en]": "⌛ AUTO OUTPUT ⌛🟥🌶️【GUIDE】🌶️🟥List of Age of Wonders 4 Combat Units",
    "auto_delivery": "",
    "price": "1",
    "amount": "99999",
    "active": "on",
    "fields[desc][ru]": "",
    "fields[desc][en]": "",
    "fields[payment_msg][ru]": "https://telegra.ph/Spisok-boevyh-edinic-Age-of-Wonders-4-05-13",
    "fields[payment_msg][en]": "https://telegra.ph/Spisok-boevyh-edinic-Age-of-Wonders-4-05-13",
    "secrets": ""
  },
  {
    "query": "",
    "form_created_at": "1731200876",
    "node_id": "1410",
    "location": "",
    "deleted": "",
    "fields[summary][ru]": "⌛ АВТОВЫДАЧА ⌛🟥🌶️【ГАЙД】🌶️🟥Age of Wonders 4: лучшие юниты",
    "fields[summary][en]": "⌛ AUTO-RELEASE ⌛🟥🌶️【GUIDE】🌶️🟥Age of Wonders 4: The best units",
    "auto_delivery": "",
    "price": "1",
    "amount": "99999",
    "active": "on",
    "fields[desc][ru]": "",
    "fields[desc][en]": "",
    "fields[payment_msg][ru]": "https://telegra.ph/YUnity-blizhnego-boya-05-13",
    "fields[payment_msg][en]": "https://telegra.ph/YUnity-blizhnego-boya-05-13",
    "secrets": ""
  },
  {
    "query": "",
    "form_created_at": "1731200877",
    "node_id": "1410",
    "location": "",
    "deleted": "",
    "fields[summary][ru]": "⌛ АВТОВЫДАЧА ⌛🟥🌶️【ГАЙД】🌶️🟥Эпоха чудес 4: Единицы измерения культуры",
    "fields[summary][en]": "⌛ AUTO OUTPUT ⌛🟥🌶️【GUIDE】🌶️🟥The Age of Miracles 4: Cultural units",
    "auto_delivery": "",
    "price": "1",
    "amount": "99999",
    "active": "on",
    "fields[desc][ru]": "",
    "fields[desc][en]": "",
    "fields[payment_msg][ru]": "https://telegra.ph/EHpoha-chudes-4-Edinicy-izmereniya-kultury-05-13",
    "fields[payment_msg][en]": "https://telegra.ph/EHpoha-chudes-4-Edinicy-izmereniya-kultury-05-13",
    "secrets": ""
  },
  {
    "query": "",
    "form_created_at": "1731200877",
    "node_id": "1410",
    "location": "",
    "deleted": "",
    "fields[summary][ru]": "⌛ АВТОВЫДАЧА ⌛🟥🌶️【ГАЙД】🌶️🟥Книга и единицы измерения дикой природы",
    "fields[summary][en]": "⌛ AUTO OUTPUT ⌛🟥🌶️【GUIDE】🌶️🟥The book and the units of measurement of wildlife",
    "auto_delivery": "",
    "price": "1",
    "amount": "99999",
    "active": "on",
    "fields[desc][ru]": "",
    "fields[desc][en]": "",
    "fields[payment_msg][ru]": "https://telegra.ph/Kniga-i-edinicy-izmereniya-dikoj-prirody-05-13",
    "fields[payment_msg][en]": "https://telegra.ph/Kniga-i-edinicy-izmereniya-dikoj-prirody-05-13",
    "secrets": ""
  },
  {
    "query": "",
    "form_created_at": "1731200879",
    "node_id": "1410",
    "location": "",
    "deleted": "",
    "fields[summary][ru]": "⌛ АВТОВЫДАЧА ⌛🟥🌶️【ГАЙД】🌶️🟥системные требования к ПК",
    "fields[summary][en]": "⌛ AUTO OUTPUT ⌛🟥🌶️【GUIDE】🌶️🟥PC system requirements",
    "auto_delivery": "",
    "price": "1",
    "amount": "99999",
    "active": "on",
    "fields[desc][ru]": "",
    "fields[desc][en]": "",
    "fields[payment_msg][ru]": "",
    "fields[payment_msg][en]": "https://telegra.ph/Age-of-Wonders-4-Minimalnye-sistemnye-trebovaniya-k-PK-05-13",
    "secrets": ""
  },
  {
    "query": "",
    "form_created_at": "1731200879",
    "node_id": "1410",
    "location": "",
    "deleted": "",
    "fields[summary][ru]": "⌛ АВТОВЫДАЧА ⌛🟥🌶️【ГАЙД】🌶️🟥продолжительность игры",
    "fields[summary][en]": "⌛ AUTO-RELEASE ⌛🟥🌶️【GUIDE】🌶️🟥duration of the game",
    "auto_delivery": "",
    "price": "1",
    "amount": "99999",
    "active": "on",
    "fields[desc][ru]": "",
    "fields[desc][en]": "",
    "fields[payment_msg][ru]": "https://telegra.ph/prodolzhitelnost-igry-05-13",
    "fields[payment_msg][en]": "https://telegra.ph/prodolzhitelnost-igry-05-13",
    "secrets": ""
  },
  {
    "query": "",
    "form_created_at": "1731200880",
    "node_id": "1410",
    "location": "",
    "deleted": "",
    "fields[summary][ru]": "⌛ АВТОВЫДАЧА ⌛🟥🌶️【ГАЙД】🌶️🟥300.000K+ АВАТАРОК🌶️🟥",
    "fields[summary][en]": "⌛ AUTO-RELEASE ⌛🟥🌶️【GUIDE】🌶️🟥300.000K+ AVATARS🌶️🟥",
    "auto_delivery": "",
    "price": "1",
    "amount": "99999",
    "active": "on",
    "fields[desc][ru]": "",
    "fields[desc][en]": "",
    "fields[payment_msg][ru]": "https://drive.google.com/drive/folders/1wwuOTl6r-Y-nX215wf5994zEsC9orDdz https://drive.google.com/drive/folders/127k0ZmacDm0x9_E1iqJ8QnFMt0rkZsmd\\nhttps://disk.yandex.ru/d/BSPIAQTsI1jZFg\\nhttps://disk.yandex.ru/d/IUtnHSMCz5p1hg",
    "fields[payment_msg][en]": "https://drive.google.com/drive/folders/1wwuOTl6r-Y-nX215wf5994zEsC9orDdz https://drive.google.com/drive/folders/127k0ZmacDm0x9_E1iqJ8QnFMt0rkZsmd\\nhttps://disk.yandex.ru/d/BSPIAQTsI1jZFg\\nhttps://disk.yandex.ru/d/IUtnHSMCz5p1hg",
    "secrets": ""
  },
  {
    "query": "",
    "form_created_at": "1731200881",
    "node_id": "1410",
    "location": "",
    "deleted": "",
    "fields[summary][ru]": "⌛ АВТОВЫДАЧА ⌛🟥🌶️【ГАЙД】🌶️🟥Герои и их прокачка в Age of Wonders IV",
    "fields[summary][en]": "⌛ AUTO OUTPUT ⌛🟥🌶️【GUIDE】🌶️🟥Heroes and their leveling in Age of Wonders IV",
    "auto_delivery": "",
    "price": "1",
    "amount": "99999",
    "active": "on",
    "fields[desc][ru]": "",
    "fields[desc][en]": "",
    "fields[payment_msg][ru]": "https://telegra.ph/Geroi-i-ih-prokachka-v-Age-of-Wonders-IV-05-13",
    "fields[payment_msg][en]": "https://telegra.ph/Geroi-i-ih-prokachka-v-Age-of-Wonders-IV-05-13",
    "secrets": ""
  },
  {
    "query": "",
    "form_created_at": "1731200882",
    "node_id": "1410",
    "location": "",
    "deleted": "",
    "fields[summary][ru]": "⌛ АВТОВЫДАЧА ⌛🟥🌶️【ГАЙД】🌶️🟥 Список 4-го уровня - получите лучшие юниты для использования",
    "fields[summary][en]": "⌛ AUTO-RELEASE ⌛🟥🌶️【GUIDE】🌶️🟥 Level 4 List - get the best units to use",
    "auto_delivery": "",
    "price": "1",
    "amount": "99999",
    "active": "on",
    "fields[desc][ru]": "",
    "fields[desc][en]": "",
    "fields[payment_msg][ru]": "https://telegra.ph/Spisok-4-go-urovnya-Age-of-Wonders-aprel-2024-poluchite-luchshie-yunity-dlya-ispolzovaniya-05-13",
    "fields[payment_msg][en]": "https://telegra.ph/Spisok-4-go-urovnya-Age-of-Wonders-aprel-2024-poluchite-luchshie-yunity-dlya-ispolzovaniya-05-13",
    "secrets": ""
  },
  {
    "query": "",
    "form_created_at": "1731200883",
    "node_id": "2100",
    "location": "",
    "deleted": "",
    "fields[summary][ru]": "💎АВТОВЫДАЧА💎 🔥 ПОДРОБНЫЙ ГАЙД ДЛЯ НОВИЧКОВ ⚡️ Aion 🔥 ✅БОНУС ЗА ОТЗЫВ✅",
    "fields[summary][en]": "💎AUTOMATIC ISSUANCE💎 🔥 DETAILED GUIDE FOR BEGINNERS ⚡️ Aion 🔥 ✅BONUS FOR REVIEW✅",
    "auto_delivery": "",
    "price": "1",
    "amount": "99999",
    "active": "on",
    "fields[desc][ru]": "",
    "fields[desc][en]": "",
    "fields[payment_msg][ru]": "https://telegra.ph/Aion--gajd-dlya-novichkov-s-podrobnostyami-12-04",
    "fields[payment_msg][en]": "https://telegra.ph/Aion--gajd-dlya-novichkov-s-podrobnostyami-12-04",
    "secrets": "",
    "server_id": "10217"
  },
  {
    "query": "",
    "form_created_at": "1731200885",
    "node_id": "2100",
    "location": "",
    "deleted": "",
    "fields[summary][ru]": "💎АВТОВЫДАЧА💎 🔥 ПОДРОБНЫЙ ГАЙД ДЛЯ НОВИЧКОВ ⚡️ Aion 🔥 ✅БОНУС ЗА ОТЗЫВ✅",
    "fields[summary][en]": "💎AUTOMATIC ISSUANCE💎 🔥 DETAILED GUIDE FOR BEGINNERS ⚡️ Aion 🔥 ✅BONUS FOR REVIEW✅",
    "auto_delivery": "",
    "price": "1",
    "amount": "99999",
    "active": "on",
    "fields[desc][ru]": "",
    "fields[desc][en]": "",
    "fields[payment_msg][ru]": "https://telegra.ph/Aion--gajd-dlya-novichkov-s-podrobnostyami-12-04",
    "fields[payment_msg][en]": "https://telegra.ph/Aion--gajd-dlya-novichkov-s-podrobnostyami-12-04",
    "secrets": "",
    "server_id": "2642"
  },
  {
    "query": "",
    "form_created_at": "1731200886",
    "node_id": "2100",
    "location": "",
    "deleted": "",
    "fields[summary][ru]": "💎АВТОВЫДАЧА💎 🔥 ПОДРОБНЫЙ ГАЙД ДЛЯ НОВИЧКОВ ⚡️ Aion 🔥 ✅БОНУС ЗА ОТЗЫВ✅",
    "fields[summary][en]": "💎AUTOMATIC ISSUANCE💎 🔥 DETAILED GUIDE FOR BEGINNERS ⚡️ Aion 🔥 ✅BONUS FOR REVIEW✅",
    "auto_delivery": "",
    "price": "1",
    "amount": "99999",
    "active": "on",
    "fields[desc][ru]": "",
    "fields[desc][en]": "",
    "fields[payment_msg][ru]": "https://telegra.ph/Aion--gajd-dlya-novichkov-s-podrobnostyami-12-04",
    "fields[payment_msg][en]": "https://telegra.ph/Aion--gajd-dlya-novichkov-s-podrobnostyami-12-04",
    "secrets": "",
    "server_id": "9928"
  },
  {
    "query": "",
    "form_created_at": "1731200887",
    "node_id": "2100",
    "location": "",
    "deleted": "",
    "fields[summary][ru]": "💎АВТОВЫДАЧА💎 🔥 ПОДРОБНЫЙ ГАЙД ДЛЯ НОВИЧКОВ ⚡️ Aion 🔥 ✅БОНУС ЗА ОТЗЫВ✅",
    "fields[summary][en]": "💎AUTOMATIC ISSUANCE💎 🔥 DETAILED GUIDE FOR BEGINNERS ⚡️ Aion 🔥 ✅BONUS FOR REVIEW✅",
    "auto_delivery": "",
    "price": "1",
    "amount": "99999",
    "active": "on",
    "fields[desc][ru]": "",
    "fields[desc][en]": "",
    "fields[payment_msg][ru]": "https://telegra.ph/Aion--gajd-dlya-novichkov-s-podrobnostyami-12-04",
    "fields[payment_msg][en]": "https://telegra.ph/Aion--gajd-dlya-novichkov-s-podrobnostyami-12-04",
    "secrets": "",
    "server_id": "7807"
  },
  {
    "query": "",
    "form_created_at": "1731200888",
    "node_id": "2100",
    "location": "",
    "deleted": "",
    "fields[summary][ru]": "💎АВТОВЫДАЧА💎 🔥 ГАЙД НА РАСЫ ⚡️ Aion 🔥 ✅БОНУС ЗА ОТЗЫВ✅",
    "fields[summary][en]": "💎AUTO-ISSUE💎 🔥 RACE GUIDE ⚡️ Aion 🔥 ✅BONUS FOR REVIEW✅",
    "auto_delivery": "",
    "price": "1",
    "amount": "99999",
    "active": "on",
    "fields[desc][ru]": "",
    "fields[desc][en]": "",
    "fields[payment_msg][ru]": "https://telegra.ph/Gajd-na-Rasy-12-04",
    "fields[payment_msg][en]": "https://telegra.ph/Gajd-na-Rasy-12-04",
    "secrets": "",
    "server_id": "3300"
  },
  {
    "query": "",
    "form_created_at": "1731200889",
    "node_id": "2100",
    "location": "",
    "deleted": "",
    "fields[summary][ru]": "💎АВТОВЫДАЧА💎 🔥 ГАЙД НА ГЛАДИАТОРА И СТРАЖА ⚡️ Aion 🔥 ✅БОНУС ЗА ОТЗЫВ✅",
    "fields[summary][en]": "💎AUTO-ISSUE💎 🔥 GUIDE FOR GLADIATOR AND GUARDIAN ⚡️ Aion 🔥 ✅BONUS FOR REVIEW✅",
    "auto_delivery": "",
    "price": "1",
    "amount": "99999",
    "active": "on",
    "fields[desc][ru]": "",
    "fields[desc][en]": "",
    "fields[payment_msg][ru]": "https://telegra.ph/Gajd-na-Gladiatora-i-strazha-12-04",
    "fields[payment_msg][en]": "https://telegra.ph/Gajd-na-Gladiatora-i-strazha-12-04",
    "secrets": "",
    "server_id": "8279"
  },
  {
    "query": "",
    "form_created_at": "1731200890",
    "node_id": "2100",
    "location": "",
    "deleted": "",
    "fields[summary][ru]": "💎АВТОВЫДАЧА💎 🔥 ГАЙД НА ЦЕЛИТЕЛЯ И ЧАРОДЕЯ ⚡️ Aion 🔥 ✅БОНУС ЗА ОТЗЫВ✅",
    "fields[summary][en]": "💎AUTO-ISSUE💎 🔥 HEALER AND SORCERER GUIDE ⚡️ Aion 🔥 ✅BONUS FOR REVIEW✅",
    "auto_delivery": "",
    "price": "1",
    "amount": "99999",
    "active": "on",
    "fields[desc][ru]": "",
    "fields[desc][en]": "",
    "fields[payment_msg][ru]": "https://telegra.ph/AION---Gajd-na-Celitel-i-charodej-12-04",
    "fields[payment_msg][en]": "https://telegra.ph/AION---Gajd-na-Celitel-i-charodej-12-04",
    "secrets": "",
    "server_id": "10871"
  },
  {
    "query": "",
    "form_created_at": "1731200891",
    "node_id": "2100",
    "location": "",
    "deleted": "",
    "fields[summary][ru]": "💎АВТОВЫДАЧА💎 🔥 ГАЙД НА ВОЛШЕБНИКА И ЗАКЛИНАТЕЛЯ ⚡️ Aion 🔥 ✅БОНУС ЗА ОТЗЫВ✅",
    "fields[summary][en]": "💎AUTO-ISSUE💎 🔥 GUIDE TO THE WIZARD AND CASTER ⚡️ Aion 🔥 ✅BONUS FOR REVIEW✅",
    "auto_delivery": "",
    "price": "1",
    "amount": "99999",
    "active": "on",
    "fields[desc][ru]": "",
    "fields[desc][en]": "",
    "fields[payment_msg][ru]": "https://telegra.ph/Gajd-na-Volshebnika-i-zaklinatelya-12-04",
    "fields[payment_msg][en]": "https://telegra.ph/Gajd-na-Volshebnika-i-zaklinatelya-12-04",
    "secrets": "",
    "server_id": "10613"
  },
  {
    "query": "",
    "form_created_at": "1731200892",
    "node_id": "2100",
    "location": "",
    "deleted": "",
    "fields[summary][ru]": "💎АВТОВЫДАЧА💎 🔥 ГАЙД НА СТРЕЛКА И УБИЙЦУ ⚡️ Aion 🔥 ✅БОНУС ЗА ОТЗЫВ✅",
    "fields[summary][en]": "💎AUTO-ISSUE💎 🔥 GUIDE TO THE ARROW AND KILLER ⚡️ Aion 🔥 ✅BONUS FOR REVIEW✅",
    "auto_delivery": "",
    "price": "1",
    "amount": "99999",
    "active": "on",
    "fields[desc][ru]": "",
    "fields[desc][en]": "",
    "fields[payment_msg][ru]": "https://telegra.ph/Gajd-na-Strelka-i-ubijcu-12-04",
    "fields[payment_msg][en]": "https://telegra.ph/Gajd-na-Strelka-i-ubijcu-12-04",
    "secrets": "",
    "server_id": "7154"
  },
  {
    "query": "",
    "form_created_at": "1731200893",
    "node_id": "2100",
    "location": "",
    "deleted": "",
    "fields[summary][ru]": "💎АВТОВЫДАЧА💎 🔥 ПОДРОБНЫЙ ГАЙД ДЛЯ НОВИЧКОВ ⚡️ Aion 🔥 ✅БОНУС ЗА ОТЗЫВ✅",
    "fields[summary][en]": "💎AUTOMATIC ISSUANCE💎 🔥 DETAILED GUIDE FOR BEGINNERS ⚡️ Aion 🔥 ✅BONUS FOR REVIEW✅",
    "auto_delivery": "",
    "price": "1",
    "amount": "99999",
    "active": "on",
    "fields[desc][ru]": "",
    "fields[desc][en]": "",
    "fields[payment_msg][ru]": "https://telegra.ph/Aion--gajd-dlya-novichkov-s-podrobnostyami-12-04",
    "fields[payment_msg][en]": "https://telegra.ph/Aion--gajd-dlya-novichkov-s-podrobnostyami-12-04",
    "secrets": "",
    "server_id": "10019"
  },
  {
    "query": "",
    "form_created_at": "1731200894",
    "node_id": "2100",
    "location": "",
    "deleted": "",
    "fields[summary][ru]": "💎АВТОВЫДАЧА💎 🔥𝟕 СПОСОБОВ ФАРМА КИНАР🔥",
    "fields[summary][en]": "💎AUTO DISCHARGE💎 🔥𝟕 WAYS TO PHARMA KINAR🔥",
    "auto_delivery": "",
    "price": "1",
    "amount": "99999",
    "active": "on",
    "fields[desc][ru]": "",
    "fields[desc][en]": "",
    "fields[payment_msg][ru]": "https://telegra.ph/AION--7-SPOSOBOV-FARMA-KINAR-03-22",
    "fields[payment_msg][en]": "https://telegra.ph/AION--7-SPOSOBOV-FARMA-KINAR-03-22",
    "secrets": "",
    "server_id": "6852"
  },
  {
    "query": "",
    "form_created_at": "1731200895",
    "node_id": "2100",
    "location": "",
    "deleted": "",
    "fields[summary][ru]": "💎АВТОВЫДАЧА💎 🔥 ГАЙД НА РАСЫ ⚡️ Aion 🔥 ✅БОНУС ЗА ОТЗЫВ✅",
    "fields[summary][en]": "💎AUTO-ISSUE💎 🔥 RACE GUIDE ⚡️ Aion 🔥 ✅BONUS FOR REVIEW✅",
    "auto_delivery": "",
    "price": "1",
    "amount": "99999",
    "active": "on",
    "fields[desc][ru]": "",
    "fields[desc][en]": "",
    "fields[payment_msg][ru]": "https://telegra.ph/Gajd-na-Rasy-12-04",
    "fields[payment_msg][en]": "https://telegra.ph/Gajd-na-Rasy-12-04",
    "secrets": "",
    "server_id": "10872"
  },
  {
    "query": "",
    "form_created_at": "1731200896",
    "node_id": "2100",
    "location": "",
    "deleted": "",
    "fields[summary][ru]": "💎АВТОВЫДАЧА💎 🔥 ГАЙД НА ГЛАДИАТОРА И СТРАЖА ⚡️ Aion 🔥 ✅БОНУС ЗА ОТЗЫВ✅",
    "fields[summary][en]": "💎AUTO-ISSUE💎 🔥 GUIDE FOR GLADIATOR AND GUARDIAN ⚡️ Aion 🔥 ✅BONUS FOR REVIEW✅",
    "auto_delivery": "",
    "price": "1",
    "amount": "99999",
    "active": "on",
    "fields[desc][ru]": "",
    "fields[desc][en]": "",
    "fields[payment_msg][ru]": "https://telegra.ph/Gajd-na-Gladiatora-i-strazha-12-04",
    "fields[payment_msg][en]": "https://telegra.ph/Gajd-na-Gladiatora-i-strazha-12-04",
    "secrets": "",
    "server_id": "6852"
  },
  {
    "query": "",
    "form_created_at": "1731200897",
    "node_id": "2100",
    "location": "",
    "deleted": "",
    "fields[summary][ru]": "💎АВТОВЫДАЧА💎 🔥 ГАЙД НА ЦЕЛИТЕЛЯ И ЧАРОДЕЯ ⚡️ Aion 🔥 ✅БОНУС ЗА ОТЗЫВ✅",
    "fields[summary][en]": "💎AUTO-ISSUE💎 🔥 HEALER AND SORCERER GUIDE ⚡️ Aion 🔥 ✅BONUS FOR REVIEW✅",
    "auto_delivery": "",
    "price": "1",
    "amount": "99999",
    "active": "on",
    "fields[desc][ru]": "",
    "fields[desc][en]": "",
    "fields[payment_msg][ru]": "https://telegra.ph/AION---Gajd-na-Celitel-i-charodej-12-04",
    "fields[payment_msg][en]": "https://telegra.ph/AION---Gajd-na-Celitel-i-charodej-12-04",
    "secrets": "",
    "server_id": "7154"
  },
  {
    "query": "",
    "form_created_at": "1731200898",
    "node_id": "2100",
    "location": "",
    "deleted": "",
    "fields[summary][ru]": "💎АВТОВЫДАЧА💎 🔥 ГАЙД НА ВОЛШЕБНИКА И ЗАКЛИНАТЕЛЯ ⚡️ Aion 🔥 ✅БОНУС ЗА ОТЗЫВ✅",
    "fields[summary][en]": "💎AUTO-ISSUE💎 🔥 GUIDE TO THE WIZARD AND CASTER ⚡️ Aion 🔥 ✅BONUS FOR REVIEW✅",
    "auto_delivery": "",
    "price": "1",
    "amount": "99999",
    "active": "on",
    "fields[desc][ru]": "",
    "fields[desc][en]": "",
    "fields[payment_msg][ru]": "https://telegra.ph/Gajd-na-Volshebnika-i-zaklinatelya-12-04",
    "fields[payment_msg][en]": "https://telegra.ph/Gajd-na-Volshebnika-i-zaklinatelya-12-04",
    "secrets": "",
    "server_id": "8519"
  },
  {
    "query": "",
    "form_created_at": "1731200899",
    "node_id": "2100",
    "location": "",
    "deleted": "",
    "fields[summary][ru]": "💎АВТОВЫДАЧА💎 🔥 ГАЙД НА СТРЕЛКА И УБИЙЦУ ⚡️ Aion 🔥 ✅БОНУС ЗА ОТЗЫВ✅",
    "fields[summary][en]": "💎AUTO-ISSUE💎 🔥 GUIDE TO THE ARROW AND KILLER ⚡️ Aion 🔥 ✅BONUS FOR REVIEW✅",
    "auto_delivery": "",
    "price": "1",
    "amount": "99999",
    "active": "on",
    "fields[desc][ru]": "",
    "fields[desc][en]": "",
    "fields[payment_msg][ru]": "https://telegra.ph/Gajd-na-Strelka-i-ubijcu-12-04",
    "fields[payment_msg][en]": "https://telegra.ph/Gajd-na-Strelka-i-ubijcu-12-04",
    "secrets": "",
    "server_id": "10871"
  },
  {
    "query": "",
    "form_created_at": "1731200900",
    "node_id": "2100",
    "location": "",
    "deleted": "",
    "fields[summary][ru]": "💎АВТОВЫДАЧА💎 🔥 ПОДРОБНЫЙ ГАЙД ДЛЯ НОВИЧКОВ ⚡️ Aion 🔥 ✅БОНУС ЗА ОТЗЫВ✅",
    "fields[summary][en]": "💎AUTOMATIC ISSUANCE💎 🔥 DETAILED GUIDE FOR BEGINNERS ⚡️ Aion 🔥 ✅BONUS FOR REVIEW✅",
    "auto_delivery": "",
    "price": "1",
    "amount": "99999",
    "active": "on",
    "fields[desc][ru]": "",
    "fields[desc][en]": "",
    "fields[payment_msg][ru]": "https://telegra.ph/Aion--gajd-dlya-novichkov-s-podrobnostyami-12-04",
    "fields[payment_msg][en]": "https://telegra.ph/Aion--gajd-dlya-novichkov-s-podrobnostyami-12-04",
    "secrets": "",
    "server_id": "7807"
  },
  {
    "query": "",
    "form_created_at": "1731200901",
    "node_id": "2077",
    "location": "",
    "deleted": "",
    "fields[summary][ru]": "💢 AION / Classic 💢⚡💢300.000K+ АВАТАРОК 💢⚡💢 ⏰ АВТОДОСТАВКА⏰",
    "fields[summary][en]": "💢 AION / Classic 💢⚡💢300.000K+ AVATAR 💢⚡💢 ⏰ AUTO DELIVERY⏰",
    "auto_delivery": "",
    "price": "1",
    "amount": "9999",
    "active": "on",
    "fields[desc][ru]": "",
    "fields[desc][en]": "",
    "fields[payment_msg][ru]": "https://drive.google.com/drive/folders/1wwuOTl6r-Y-nX215wf5994zEsC9orDdz",
    "fields[payment_msg][en]": "https://drive.google.com/drive/folders/1wwuOTl6r-Y-nX215wf5994zEsC9orDdz",
    "secrets": "",
    "server_id": "9479",
    "side_id": "89"
  },
  {
    "query": "",
    "form_created_at": "1731200902",
    "node_id": "2077",
    "location": "",
    "deleted": "",
    "fields[summary][ru]": "💢 AION / Classic 💢⚡💢Различные Классы в AION 💢⚡💢 ⏰ АВТОДОСТАВКА⏰",
    "fields[summary][en]": "💢 AION / Classic 💢⚡💢Different Classes in AION 💢⚡💢 💢 ⏰ AUTO DELIVERY⏰",
    "auto_delivery": "",
    "price": "1",
    "amount": "9999",
    "active": "on",
    "fields[desc][ru]": "",
    "fields[desc][en]": "",
    "fields[payment_msg][ru]": "https://telegra.ph/Klassy-05-15",
    "fields[payment_msg][en]": "https://telegra.ph/Klassy-05-15",
    "secrets": "",
    "server_id": "9479",
    "side_id": "89"
  },
  {
    "query": "",
    "form_created_at": "1731200903",
    "node_id": "2077",
    "location": "",
    "deleted": "",
    "fields[summary][ru]": "💎АВТОВЫДАЧА💎 🔥 ПОДРОБНЫЙ ГАЙД ДЛЯ НОВИЧКОВ ⚡️ Aion 🔥 ✅БОНУС ЗА ОТЗЫВ✅",
    "fields[summary][en]": "💎AUTOMATIC ISSUANCE💎 🔥 DETAILED GUIDE FOR BEGINNERS ⚡️ Aion 🔥 ✅BONUS FOR REVIEW✅",
    "auto_delivery": "",
    "price": "1",
    "amount": "99999",
    "active": "on",
    "fields[desc][ru]": "",
    "fields[desc][en]": "",
    "fields[payment_msg][ru]": "https://telegra.ph/Aion--gajd-dlya-novichkov-s-podrobnostyami-12-04",
    "fields[payment_msg][en]": "https://telegra.ph/Aion--gajd-dlya-novichkov-s-podrobnostyami-12-04",
    "secrets": "",
    "server_id": "9479",
    "side_id": "89"
  },
  {
    "query": "",
    "form_created_at": "1731200904",
    "node_id": "2077",
    "location": "",
    "deleted": "",
    "fields[summary][ru]": "💎АВТОВЫДАЧА💎 🔥 ПОДРОБНЫЙ ГАЙД ДЛЯ НОВИЧКОВ ⚡️ Aion 🔥 ✅БОНУС ЗА ОТЗЫВ✅",
    "fields[summary][en]": "💎AUTOMATIC ISSUANCE💎 🔥 DETAILED GUIDE FOR BEGINNERS ⚡️ Aion 🔥 ✅BONUS FOR REVIEW✅",
    "auto_delivery": "",
    "price": "1",
    "amount": "99999",
    "active": "on",
    "fields[desc][ru]": "",
    "fields[desc][en]": "",
    "fields[payment_msg][ru]": "https://telegra.ph/Aion--gajd-dlya-novichkov-s-podrobnostyami-12-04",
    "fields[payment_msg][en]": "https://telegra.ph/Aion--gajd-dlya-novichkov-s-podrobnostyami-12-04",
    "secrets": "",
    "server_id": "9479",
    "side_id": "89"
  },
  {
    "query": "",
    "form_created_at": "1731200905",
    "node_id": "2077",
    "location": "",
    "deleted": "",
    "fields[summary][ru]": "💎АВТОВЫДАЧА💎 🔥𝟕 СПОСОБОВ ФАРМА КИНАР🔥",
    "fields[summary][en]": "💎AUTO DISCHARGE💎 🔥𝟕 WAYS TO PHARMA KINAR🔥",
    "auto_delivery": "",
    "price": "1",
    "amount": "99999",
    "active": "on",
    "fields[desc][ru]": "",
    "fields[desc][en]": "",
    "fields[payment_msg][ru]": "https://telegra.ph/AION--7-SPOSOBOV-FARMA-KINAR-03-22",
    "fields[payment_msg][en]": "https://telegra.ph/AION--7-SPOSOBOV-FARMA-KINAR-03-22",
    "secrets": "",
    "server_id": "9479",
    "side_id": "89"
  }
]